obs_id,n_subruns,time,elapsed_time,corrected_elapsed_time,zd,min_zd,max_zd,az,ra,dec,events,ly_i,ly_i_err,ly_i_fit_p0,ly_i_fit_p1,ly_i_fit_u_p0,ly_i_fit_u_p1,ly_i_fit_chi2,ly_i_fit_pvalue,ly_i_fit_ndf,ly_i_fit_error_flag,ly_b3_fit_p0,ly_b3_fit_p1,ly_b3_fit_u_p0,ly_b3_fit_u_p1,ly_b3_fit_chi2,ly_b3_fit_pvalue,ly_b3_fit_ndf,ly_b3_fit_error_flag,ly_i_scaling,ly_i_scaling_err,ly_b3_scaling,ly_b3_scaling_err,ff_events,pedestal_events,num_contained_mu_rings,dcheck_fname,dl1_runwise_fname,dl2_fname,dl3_fname,intensity_cut,psf_spotsize,psf_time,alt,picture_thresh,boundary_thresh,diffuse_nsb_std,ff_charge_mean,ff_charge_stddev,ff_rel_time_mean,ff_rel_time_stddev,pedestal_charge_mean,pedestal_charge_stddev,pedestal_fraction_pulses_above10,pedestal_fraction_pulses_above30,cosmics_rate,cosmics_cleaned_rate,intensity_at_half_peak_rate,cosmics_peak_rate,cosmics_rate_at_422_pe,delta_cosmics_rate_at_422_pe,cosmics_spectral_index,delta_cosmics_spectral_index,ZD_corrected_intensity_at_half_peak_rate,ZD_corrected_cosmics_peak_rate,ZD_corrected_cosmics_rate_at_422_pe,ZD_corrected_delta_cosmics_rate_at_422_pe,ZD_corrected_cosmics_spectral_index,intensity_spectrum_fit_p_value,intensity_at_reference_rate,light_yield,mu_effi_mean,mu_effi_stddev,mu_width_mean,mu_width_stddev,mu_radius_mean,mu_radius_stddev,mu_intensity_mean,mu_hg_peak_sample,mu_hg_peak_sample_stddev,temperature,pressure,humidity,wind_speed,wind_gust,wind_speed_average,tng_dust,tng_seeing,rain,psf_time_since_h,ly_b3,ly_b3_p_value,ly_b3_err,separation_deg,ly_source_used,ly_b3_scaling_used,ly_b3_scaling_used_err
21404,10,2025-08-19 05:01:18.438055,584.9184458255768,584.9184458255768,52.2728357344203,51.22174359177028,53.2154693979777,83.00156800044452,83.96983327138372,22.249185535104704,417462,0.6840900385973953,0.015349776466280373,0.6830312345524854,8.972196482092723e-06,0.012607871362448616,3.8102171721325936e-05,2.328986331870544,0.8870944452053131,6.0,False,0.7842076233253557,9.49099122488386e-05,0.011093026006426244,3.399305064738576e-05,,,6.0,False,1.4590956908735742,0.010905510926315955,1.2368266221669952,,58090.0,58095.0,2400,DL1_datacheck_20250818.h5,/fefs/onsite/data/lst-pipe/LSTN-01/DL1/20250818/v0.11/tailcut1407/dl1_LST-1.Run21404.0002.h5,/fefs/onsite/data/lst-pipe/LSTN-01/DL2/20250818/v0.11/tailcut1407/nsb_tuning_1.25/dl2_LST-1.Run21404.h5,/fefs/onsite/data/lst-pipe/LSTN-01/DL3/20250818/v0.11/tailcut1407/nsb_tuning_1.25/0.10.18/std/20250212_v0.10.17_allsky_interp_dl2_irfs_nsb_1.25/src_indep/point/ring-wobble/gheff0.7_thetacont0.7/irf_interp/dl3_LST-1.Run21404.fits,174.56787015226362,39.790000915527344,2025-08-18 20:59:31,37.7271642655797,14.0,7.0,2.990735277490819,70.83890319226106,10.231788095900074,0.0012173200720946484,0.413465199545992,3.7450722443576385,3.0135040120047605,0.03146542284910525,5.187206247094349e-06,713.7097538628275,705.127360820128,132.7759068442219,3.0013578365276468,0.5941975763314512,0.005634925688558929,-2.2215233757591553,0.05788561194304189,118.51045292682895,4.511564127609852,1.1822905424940955,0.007959321613640236,-2.0203183065478956,0.5092441176065153,348.4805491512131,0.6840900385973951,0.22308512913798131,0.02218268909237436,0.11012728250679385,0.02085505163768526,0.9828426077750579,0.10035704196904097,1703.5898916905212,12.833025080516947,1.2380889761964018,20.27152840492492,791.9946604929956,17.665167189860735,7.705344185053985,9.338978942277668,8.109092745712424,2.0800000000000005,0.63,0.0,8.101921019694307,0.8093317578299574,0.5005733239930948,,0.3891309598604318,ly_b3,1.2368266221669952,
21405,12,2025-08-19 05:11:32.211513,569.9449436664581,569.9449436664581,49.59785007510862,48.56165636776548,50.522866694041355,84.87494697534378,83.2646016274469,21.789822984246168,535073,0.7246163152230349,0.016052342627619003,0.6896554718584986,5.52443123917619e-05,0.00844362261334845,2.1133860431827746e-05,70.63120584725955,3.679279103607769e-12,8.0,False,0.7405051588427821,0.00012332185450794224,0.09581664949080924,0.0003092839652066973,,,8.0,False,1.421341182556804,0.011702784476629119,1.296549825476465,,55958.0,55884.0,2493,DL1_datacheck_20250818.h5,/fefs/onsite/data/lst-pipe/LSTN-01/DL1/20250818/v0.11/tailcut1206/dl1_LST-1.Run21405.0000.h5,/fefs/onsite/data/lst-pipe/LSTN-01/DL2/20250818/v0.11/tailcut1206/nsb_tuning_0.81/dl2_LST-1.Run21405.h5,/fefs/onsite/data/lst-pipe/LSTN-01/DL3/20250818/v0.11/tailcut1206/nsb_tuning_0.81/0.10.18/std/20250212_v0.10.17_allsky_interp_dl2_irfs_nsb_0.81/src_indep/point/ring-wobble/gheff0.7_thetacont0.7/irf_interp/dl3_LST-1.Run21405.fits,185.33916261187161,39.790000915527344,2025-08-18 20:59:31,40.40214992489138,12.0,6.0,2.9464988964477206,70.93321106510659,10.34808257356555,0.0012554694234343166,0.41242531424436546,3.660179490055166,2.9636015090023897,0.028456179163693383,2.4715931078308064e-05,938.815241622942,936.1149808045907,140.81583140187416,3.0854301724629276,0.7010119996333776,0.005707804663435771,-2.201356954616059,0.050158059193430256,126.94027289792297,4.679574457289744,1.2079821881050148,0.007668798914731038,-2.0526654196424805,0.5940622591211145,352.7660149394314,0.724616315223035,0.22226042626095854,0.024466577702548356,0.11145757281276543,0.02387600081015756,0.9792152000456952,0.10128101052151439,1694.5111647849235,13.323340743901097,1.4470120593674682,20.316811368369894,792.0007522278278,17.274564781964095,6.9196672025059005,8.863715120904013,7.172197799432671,2.022873172710512,0.5887417358464805,0.0,8.270838651810763,0.8138634071312413,0.5033971830055517,,0.4101721880225043,ly_b3,1.296549825476465,
21726,144,2025-09-02 04:20:04.958087,1120.0562591552734,1108.1398156434298,48.18513327772813,46.13545989519,50.2120717654969,84.90169716507495,83.97534545396616,22.248288943367317,8183515,0.9511259648744832,0.016178799623877377,0.951316218990419,4.509507706171669e-06,0.0019637891348487867,2.9005126576003453e-06,336.2574796392631,0.0,140.0,False,0.9969643379680554,-2.88959179159936e-05,0.008289877967491288,1.2920243339811971e-05,,,140.0,False,1.0484197360878913,0.0016347505638608514,1.0195330486341165,,104185.0,104154.0,3137,DL1_datacheck_20250901.h5,/fefs/onsite/data/lst-pipe/LSTN-01/DL1/20250901/v0.11/tailcut84/dl1_LST-1.Run21726.0026.h5,/fefs/onsite/data/lst-pipe/LSTN-01/DL2/20250901/v0.11/tailcut84/nsb_tuning_0.22/dl2_LST-1.Run21726.h5,/fefs/onsite/data/lst-pipe/LSTN-01/DL3/20250901/v0.11/tailcut84/nsb_tuning_0.22/0.10.18/std/20250212_v0.10.17_allsky_interp_dl2_irfs_nsb_0.22/src_indep/point/ring-wobble/gheff0.7_thetacont0.7/irf_interp/dl3_LST-1.Run21726.fits,52.74165272677633,42.04999923706055,2025-09-01 20:26:32,41.81486672227187,8.0,4.0,1.9327889393782478,70.19456516358952,9.79179820877694,0.0019230381369598705,0.41379974420971843,2.4734898288945026,1.9740810387498595,0.003354783087312751,1.6382862981749473e-05,7384.911979945715,3860.0318656688105,39.99200105705759,31.451880947007858,1.2508436855007263,0.02430547729040746,-2.366108337921933,0.11817471438765385,36.30513625326772,47.70618994689598,1.6371859706791327,0.03184966976345523,-2.223468545640693,0.4966860511614799,410.56614891027414,0.951125964874483,0.20159391489577444,0.016310706598992357,0.0741827759120269,0.019216375756660662,1.0222517442393797,0.09481872296886312,2067.5343543984773,14.526612525207096,1.2904943087444312,14.43230586959882,789.7105656426921,11.237334725723137,9.774537953441719,12.717642748181952,10.395232062117204,0.03,1.0685626176370884,0.0,8.04663458230988,0.9808720965778767,0.4860366202251932,,0.39271709257381515,ly_b3,1.0195330486341165,
21727,79,2025-09-02 04:39:17.710546,653.0081355571747,649.0375270694494,44.41311670649696,43.67142486146,45.54561777385856,87.40480008778515,83.33269791890699,21.789038467426213,4567712,139119.92335304868,8177285.856757945,0.9574062045647801,-5.223630632425355e-05,0.0023781770093678585,8.834820096335973e-06,3154.3034295569373,0.0,73.0,False,1.001897679964966,-8.235660391718945e-05,0.03542171339454202,9.38001063594212e-05,,,75.0,False,1.0627456854623436,0.004464361559777454,1.025494871176484,,13994.0,51802.0,1609,DL1_datacheck_20250901.h5,/fefs/onsite/data/lst-pipe/LSTN-01/DL1/20250901/v0.11/tailcut84/dl1_LST-1.Run21727.0021.h5,/fefs/onsite/data/lst-pipe/LSTN-01/DL2/20250901/v0.11/tailcut84/nsb_tuning_0.22/dl2_LST-1.Run21727.h5,/fefs/onsite/data/lst-pipe/LSTN-01/DL3/20250901/v0.11/tailcut84/nsb_tuning_0.22/0.10.18/std/20250212_v0.10.17_allsky_interp_dl2_irfs_nsb_0.22/src_indep/point/ring-wobble/gheff0.7_thetacont0.7/irf_interp/dl3_LST-1.Run21727.fits,50.0,42.04999923706055,2025-09-01 20:26:32,45.58688329350304,8.0,4.0,1.9046385354481905,70.91072313231179,9.836875650319456,0.001903085601496934,0.41273526215541406,2.4481826998635765,1.9346747806183557,0.003075437318208186,4.9490615340941276e-05,7037.670103028168,4282.703055015444,30.561836331750417,45.31923074129338,1.1289027125079,0.022408050404024757,-2.3069368625823476,0.17467069907320956,28.309114984454425,67.92368839136493,1.3975117783324238,0.027713723903223842,-2.1893803041975146,0.4635879939887028,364.44023653009026,139119.9233530489,0.20141816457178016,0.017125473012530517,0.07556224940445311,0.019155460417652554,1.0172498301335682,0.09351456291360155,2037.235725576377,14.92007721751169,1.2677926542877693,14.829102698295058,789.6453670789688,11.272341686402688,10.697118988657863,13.009687584689717,10.769254936823776,0.029999999999999992,1.02,0.0,8.302115758270153,0.9882789761715428,0.3896502892021194,,0.35982040376185587,ly_b3,1.025494871176484,
21816,12,2025-09-16 04:15:16.152403,522.9874064922333,522.9874064922333,37.848328014839616,36.958467136836006,38.72370111087276,90.90367732662978,83.27207803144246,21.788003709908114,593504,0.8726024318391444,0.008155310511869903,0.8557372537872895,5.9371701203918454e-05,0.004522803781755502,1.6922766803444226e-05,6.168940875586957,0.6283143746400461,8.0,False,0.906207943395131,6.33162575278672e-05,0.010883011610185015,3.963352877965344e-05,,,8.0,False,1.1496173716612144,0.0032596348752744675,1.085466857100038,,51755.0,51792.0,2437,DL1_datacheck_20250915.h5,/fefs/onsite/data/lst-pipe/LSTN-01/DL1/20250915/v0.11/tailcut1206/dl1_LST-1.Run21816.0010.h5,/fefs/onsite/data/lst-pipe/LSTN-01/DL2/20250915/v0.11/tailcut1206/nsb_tuning_0.81/dl2_LST-1.Run21816.h5,/fefs/onsite/data/lst-pipe/LSTN-01/DL3/20250915/v0.11/tailcut1206/nsb_tuning_0.81/0.10.18/std/20250212_v0.10.17_allsky_interp_dl2_irfs_nsb_0.81/src_indep/point/ring-wobble/gheff0.7_thetacont0.7/irf_interp/dl3_LST-1.Run21816.fits,187.06311981041807,42.20000076293945,2025-09-24 19:40:06,52.151671985160384,12.0,6.0,3.2692098510305954,72.57518134273602,10.478261422244648,0.0013623002592151226,0.41368137376865066,4.080632716497254,3.280854832902264,0.04817874736237569,4.350662737247324e-06,1134.8342094520663,1130.7346843518728,142.57510128528241,4.591685803175221,1.0472798810516883,0.010551905686657957,-2.32447580543567,0.06111927354862429,136.62859817397475,6.556436727890336,1.468212870063162,0.012096250750030124,-2.247305274944876,0.3929302164503309,391.2725969275162,0.8726024318391444,0.2109556553306554,0.023185942367017008,0.11408815595285438,0.026643900668231985,0.9801731593887677,0.10092454571496842,1595.4983271710905,10.124550153281128,1.153041325094884,18.004173387575104,791.9563371659672,51.423591696298374,10.385065357934575,13.309129978067135,10.394395386871246,11.461985122704446,1.4672161314744023,0.0,-207.34736738475408,0.9174079053096896,0.5337218020193936,,0.40544773541574025,ly_b3,1.085466857100038,
21817,72,2025-09-16 04:24:17.948508,3058.323275566101,2963.5202549397945,31.853358573139122,26.16594258108548,37.21313917743309,93.81519426322484,83.9812209318149,22.24608025466063,3608809,0.895629975134926,0.006946259052777332,0.8947050474395407,3.005444591212177e-06,0.001132540206625224,7.184076367560184e-07,429.03273439765144,0.0,68.0,False,0.9606009105301685,-1.0602504286945284e-05,0.008656149088635648,5.054328503282307e-06,,,68.0,False,1.1122177397472204,0.0011029329860159328,1.0582404085291384,,293098.0,293316.0,14150,DL1_datacheck_20250915.h5,/fefs/onsite/data/lst-pipe/LSTN-01/DL1/20250915/v0.11/tailcut1206/dl1_LST-1.Run21817.0040.h5,/fefs/onsite/data/lst-pipe/LSTN-01/DL2/20250915/v0.11/tailcut1206/nsb_tuning_0.81/dl2_LST-1.Run21817.h5,/fefs/onsite/data/lst-pipe/LSTN-01/DL3/20250915/v0.11/tailcut1206/nsb_tuning_0.81/0.10.18/std/20250212_v0.10.17_allsky_interp_dl2_irfs_nsb_0.81/src_indep/point/ring-wobble/gheff0.7_thetacont0.7/irf_interp/dl3_LST-1.Run21817.fits,187.06311981041807,42.20000076293945,2025-09-24 19:40:06,58.14664142686088,12.0,6.0,3.1933610714229888,73.27475528943889,10.50753971491287,0.0012356347217330297,0.41269332360513433,4.010892601595731,3.2236711147311756,0.044808556920968946,2.603349263330982e-05,1217.743996851243,1213.9758430883705,142.38265426237834,4.859453401989188,1.1378105118508883,0.010530019121300535,-2.3289483006774043,0.05630300561866516,138.57742344667116,6.472434180720563,1.511980055808136,0.011511761135023581,-2.2770939550978353,0.4657330206665256,396.7167540758093,0.895629975134926,0.20846756313236517,0.0220657364211394,0.11202222243394108,0.025911196584372093,0.9792220789800837,0.09960670601581015,1602.993225949478,11.62834329029601,1.283915504212804,18.075645468277322,791.8735063463434,51.175351295404006,9.56102357620665,14.325101514097545,9.634432836712719,11.26,1.5289674180236932,0.0,-206.85603103920351,0.9438130320922792,0.5055763848119179,,0.3958545574711293,ly_b3,1.0582404085291384,
21921,47,2025-09-22 01:29:13.023954,707.0514671802521,707.0514671802521,68.86557403376852,67.66104727475114,70.08809007741002,75.43948634952102,83.95432296121773,22.256765722955592,2606221,0.9217091409103108,0.016404149124207908,0.91548181189744,2.4594158179194486e-05,0.003738784388175544,9.951972787600083e-06,68.92869896704556,0.007275003778317024,43.0,False,1.234826332798372,-0.0005712713401014739,0.02574552542461923,6.336621341699739e-05,,,42.0,False,1.0822954257849569,0.003019641904677742,0.9802739382808973,,68542.0,68502.0,1130,DL1_datacheck_20250921.h5,/fefs/onsite/data/lst-pipe/LSTN-01/DL1/20250921/v0.11/tailcut1005/dl1_LST-1.Run21921.0009.h5,/fefs/onsite/data/lst-pipe/LSTN-01/DL2/20250921/v0.11/tailcut1005/nsb_tuning_0.38/dl2_LST-1.Run21921.h5,/fefs/onsite/data/lst-pipe/LSTN-01/DL3/20250921/v0.11/tailcut1005/nsb_tuning_0.38/0.10.18/std/20250212_v0.10.17_allsky_interp_dl2_irfs_nsb_0.38/src_indep/point/ring-wobble/gheff0.7_thetacont0.7/irf_interp/dl3_LST-1.Run21921.fits,61.836168504116266,42.20000076293945,2025-09-24 19:40:06,21.134425966231472,10.0,5.0,2.0314135636182056,71.12650418304895,9.890051247464474,0.0015519573345607507,0.40914379796755573,2.587326450007641,2.0646194290373137,0.003460363921478732,1.013431974609866e-05,3686.0414283470873,2139.142721861314,47.310453102043326,21.270842112763987,0.5495740056657894,0.01146819623379911,-2.553937157253954,0.12626729224313327,42.19222391467157,34.41051031923193,1.577773807752676,0.029581971487568276,-2.2138972852636356,0.4972569364788319,403.69147501524185,0.9217091409103108,0.19954557048683072,0.016296921331090935,0.08085996190754995,0.018835301331534465,1.0546225121094228,0.0989968733870967,2027.166263761672,12.855958634711847,1.310030222340674,11.618189848034417,789.6921242373782,54.59882990040511,3.6738724732577945,4.959471705678959,3.7945957356373152,0.58,0.7402749300276643,0.0,-66.08529355627726,1.0494114890746769,0.49546399325352686,,0.38237994726837177,ly_b3,0.9802739382808973,
21922,109,2025-09-22 01:46:31.235528,894.4509830474854,894.4509830474854,64.8277024893944,63.24386339148548,66.40953266861808,77.30563386073798,83.95938577651971,22.25396424302682,6217722,0.9167492239115461,0.020685633384587985,0.912115842819504,1.0429056213805063e-05,0.003169478208008854,5.721201727796924e-06,210.44953644737546,4.760889682486891e-09,105.0,False,0.8631747338186824,3.018243885591406e-05,0.010298119781556708,2.0522670594019842e-05,,,105.0,False,1.0908279182368095,0.002558903555496251,1.140906308744795,,84425.0,84602.0,1766,DL1_datacheck_20250921.h5,/fefs/onsite/data/lst-pipe/LSTN-01/DL1/20250921/v0.11/tailcut1005/dl1_LST-1.Run21922.0021.h5,/fefs/onsite/data/lst-pipe/LSTN-01/DL2/20250921/v0.11/tailcut1005/nsb_tuning_0.38/dl2_LST-1.Run21922.h5,/fefs/onsite/data/lst-pipe/LSTN-01/DL3/20250921/v0.11/tailcut1005/nsb_tuning_0.38/0.10.18/std/20250212_v0.10.17_allsky_interp_dl2_irfs_nsb_0.38/src_indep/point/ring-wobble/gheff0.7_thetacont0.7/irf_interp/dl3_LST-1.Run21922.fits,59.18588004152671,42.20000076293945,2025-09-24 19:40:06,25.1722975106056,10.0,5.0,1.971557075399888,71.30907530367863,9.876152414304574,0.0014676451735150945,0.40888474411059905,2.5040980257487195,2.003612702333521,0.002952737086344838,1.907109166866366e-06,6951.439618094655,2501.6787307630552,45.24323544984529,23.65947688566321,0.6787209505074976,0.01695090805509158,-2.4839142241000554,0.1519949657531165,40.158531267828124,35.389110947270176,1.571587321805075,0.03549769633189847,-2.190938399914634,0.5114226782281038,402.7507041742789,0.9167492239115461,0.19790398088502542,0.016069529587506372,0.07874061134573347,0.0181389323449825,1.0493433651411117,0.09834697334254468,2029.5162204218468,13.439931862712141,1.3629435364634264,11.08570084687476,789.6338490032826,54.03913059551731,4.695064344869582,5.589772819471466,4.636740841160016,0.5799999999999998,0.7752305078134815,0.0,-65.76975148569305,0.8762379933594864,0.5521075035167333,,0.38431984221755167,ly_b3,1.140906308744795,
21923,125,2025-09-22 02:01:41.693501,1204.8855068683624,1204.8855068683624,60.56539769130697,58.39463599008381,62.704519696970365,79.80640310260591,83.25683378168524,21.79333240761491,7046279,0.938725001723729,0.017193475468425406,0.9298250599533442,2.107672173963521e-05,0.0021877687537833106,2.9694320628556654e-06,342.4430980603817,0.0,121.0,False,0.8951761487821451,2.6466997040365586e-05,0.009194262532921854,1.3364189903026251e-05,,,121.0,False,1.0611038978950675,0.001932970535434249,1.0977379560536256,,114555.0,114606.0,2745,DL1_datacheck_20250921.h5,/fefs/onsite/data/lst-pipe/LSTN-01/DL1/20250921/v0.11/tailcut84/dl1_LST-1.Run21923.0066.h5,/fefs/onsite/data/lst-pipe/LSTN-01/DL2/20250921/v0.11/tailcut84/nsb_tuning_0.22/dl2_LST-1.Run21923.h5,/fefs/onsite/data/lst-pipe/LSTN-01/DL3/20250921/v0.11/tailcut84/nsb_tuning_0.22/0.10.18/std/20250212_v0.10.17_allsky_interp_dl2_irfs_nsb_0.22/src_indep/point/ring-wobble/gheff0.7_thetacont0.7/irf_interp/dl3_LST-1.Run21923.fits,54.22120746700797,42.20000076293945,2025-09-24 19:40:06,29.434602308693023,8.0,4.0,1.9164352920771515,71.32637302209986,9.854193215083829,0.0017875757561705663,0.4114616191739016,2.4159712896264365,1.931676737809956,0.00221820592694342,1.0092437388702311e-05,5848.090096389406,3420.8935010870855,41.31555922344966,32.390861277603065,0.9126129434522792,0.01866651406428371,-2.4732442928473826,0.12427393927928174,36.58030068791201,47.3359596230009,1.610523374121144,0.03299605032182979,-2.2252911956715327,0.49562612483760105,407.55664357679296,0.938725001723729,0.19673560677284035,0.016381249778077905,0.07721906327494621,0.01900778624246309,1.0419011537481442,0.10054753451440575,2031.8665042965717,14.123473982374213,1.2449830640528055,10.73834251914998,789.4460811648628,55.110774752595304,2.9644377062371863,3.6429303325263995,2.9887912602108426,0.5474023077376787,0.7669852197704974,0.0,-65.47340905237652,0.9100101653220011,0.5494577155487379,,0.41427524404845445,ly_b3,1.0977379560536256,
21924,122,2025-09-22 02:22:05.559910,1202.6094348430634,1202.6094348430634,56.60457721592741,54.44293079548975,58.75640196284097,81.03164413119366,83.96674387540543,22.250684793254436,6913510,0.948058103410904,0.015447554326312935,0.9316758874958961,2.2385170073850063e-05,0.0020629831617883397,2.976845939619091e-06,486.13543261837134,0.0,118.0,False,0.9308785906823136,2.1498401827447393e-06,0.007855777291127512,1.1391666689587967e-05,,,118.0,False,1.0582121513992935,0.001729477890948769,1.0727739735505555,,114743.0,114624.0,2993,DL1_datacheck_20250921.h5,/fefs/onsite/data/lst-pipe/LSTN-01/DL1/20250921/v0.11/tailcut84/dl1_LST-1.Run21924.0024.h5,/fefs/onsite/data/lst-pipe/LSTN-01/DL2/20250921/v0.11/tailcut84/nsb_tuning_0.22/dl2_LST-1.Run21924.h5,/fefs/onsite/data/lst-pipe/LSTN-01/DL3/20250921/v0.11/tailcut84/nsb_tuning_0.22/0.10.18/std/20250212_v0.10.17_allsky_interp_dl2_irfs_nsb_0.22/src_indep/point/ring-wobble/gheff0.7_thetacont0.7/irf_interp/dl3_LST-1.Run21924.fits,54.22120746700797,42.20000076293945,2025-09-24 19:40:06,33.395422784072586,8.0,4.0,1.883166274408119,71.43895095460091,9.867777148159036,0.001838414219064822,0.411836952761644,2.4056517617148123,1.9227719904899307,0.002931211565020395,1.4203806810359879e-05,5748.757493244007,3587.0365515325743,41.42319470009042,32.10901432642789,1.0415979226684147,0.01944470583764747,-2.4271309871356705,0.11359465705710407,36.6874089734237,47.26954839208795,1.6312073196531744,0.030537052170123466,-2.2169373564447308,0.5073635791328369,409.8637376835905,0.948058103410904,0.19539081537987438,0.016422137279511927,0.075835665418265,0.019126294674318912,1.0368293701232079,0.0982736484021631,2029.8773750854002,14.300077996524688,1.3138215018379171,10.672683908053724,789.316556123335,56.40822584809503,3.1994672562111433,4.431503513891853,3.3326985217529463,0.43999999999999995,0.8005123398783716,0.0,-65.13411309433826,0.931263935485525,0.5781397167978235,,0.38773491140420185,ly_b3,1.0727739735505555,
21925,116,2025-09-22 02:42:24.449340,1204.6781809329987,1204.6781809329987,51.72092306957226,49.52904742386792,53.95929125205304,83.87479556357651,83.26394195117231,21.79109378015227,6521594,0.951221666089386,0.014243783770840283,0.9525106182294437,6.182604867275043e-06,0.001983214468563297,2.7000108962366247e-06,165.36428179015326,0.0007855263886902275,112.0,False,0.9547475777334001,1.1086723335070562e-05,0.007871029769889007,1.1387375138875443e-05,,,112.0,False,1.0457936501385885,0.0015908114828510178,1.040174235796733,,114834.0,114913.0,3134,DL1_datacheck_20250921.h5,/fefs/onsite/data/lst-pipe/LSTN-01/DL1/20250921/v0.11/tailcut84/dl1_LST-1.Run21925.0001.h5,/fefs/onsite/data/lst-pipe/LSTN-01/DL2/20250921/v0.11/tailcut84/nsb_tuning_0.22/dl2_LST-1.Run21925.h5,/fefs/onsite/data/lst-pipe/LSTN-01/DL3/20250921/v0.11/tailcut84/nsb_tuning_0.22/0.10.18/std/20250212_v0.10.17_allsky_interp_dl2_irfs_nsb_0.22/src_indep/point/ring-wobble/gheff0.7_thetacont0.7/irf_interp/dl3_LST-1.Run21925.fits,54.22120746700797,42.20000076293945,2025-09-24 19:40:06,38.27907693042774,8.0,4.0,1.8363533719069676,71.43046003004564,9.846087489799956,0.0019419435239757458,0.41193041145202475,2.3267779414295244,1.8587182880624717,0.002106236098667047,8.19935922008548e-06,5413.55700071629,3734.0113494179604,41.23843784588339,31.879300175421175,1.1706264477586592,0.020336970647303106,-2.414838641332339,0.10597905302528204,36.88533509081654,48.00742590176602,1.6353891694384979,0.02843747804297322,-2.2458577090634195,0.4854888231629901,410.45158989147416,0.951221666089386,0.19423864745972624,0.0160200629680052,0.0750177928553901,0.019054152172512773,1.0307352461997514,0.09768817638734337,2016.3556014050002,14.403143043583162,1.25672885296205,10.63585969877687,789.1687792867631,56.121898278827985,2.141195268205863,3.1413471686192334,2.3048263611152495,0.43999999999999995,0.82,0.0,-64.79504435983014,0.9598157420254797,0.573605864681793,,0.4099774267131495,ly_b3,1.040174235796733,
21926,120,2025-09-22 03:02:46.435692,1204.324755191803,1204.324755191803,47.7322601546297,45.546692694543154,49.89399874017658,85.11657816610945,83.9714688302244,22.247820742482944,6786987,0.9539538447974345,0.01348269544962219,0.9556006805920909,1.0865638158509115e-06,0.0016943126135852045,2.424744410702104e-06,170.88894615122825,0.0006960444447864367,116.0,False,0.9686365223483703,-3.481253948935178e-06,0.007421751212078896,1.068491090628615e-05,,,116.0,False,1.0457500071806693,0.0014563626335206009,1.0346082662704688,,114672.0,114885.0,3407,DL1_datacheck_20250921.h5,/fefs/onsite/data/lst-pipe/LSTN-01/DL1/20250921/v0.11/tailcut84/dl1_LST-1.Run21926.0056.h5,/fefs/onsite/data/lst-pipe/LSTN-01/DL2/20250921/v0.11/tailcut84/nsb_tuning_0.22/dl2_LST-1.Run21926.h5,/fefs/onsite/data/lst-pipe/LSTN-01/DL3/20250921/v0.11/tailcut84/nsb_tuning_0.22/0.10.18/std/20250212_v0.10.17_allsky_interp_dl2_irfs_nsb_0.22/src_indep/point/ring-wobble/gheff0.7_thetacont0.7/irf_interp/dl3_LST-1.Run21926.fits,53.476313398096416,42.20000076293945,2025-09-24 19:40:06,42.2677398453703,8.0,4.0,1.830846474084783,71.43910750316043,9.845286510883955,0.001920508096704875,0.41242671906454503,2.336117837815576,1.8663375978059433,0.002291447503125533,3.008271257795122e-06,5635.512324015204,3828.5520414015505,40.794087350753486,31.505048623723955,1.2619253193612168,0.02136997924538747,-2.4003044586077764,0.10307093996284866,37.12240997083696,47.76177002831029,1.639412515392652,0.027779550458814733,-2.2608033498844153,0.4874434593721686,411.0424926671956,0.9539538447974345,0.19437928067620966,0.0158033969798293,0.07456377693144786,0.019235701645262584,1.028423357044881,0.0957975641625275,2020.460433406792,14.691049807894673,1.3526639120691346,10.171248392371103,788.9679042847312,56.79390456227563,2.14091299960446,3.054326944494507,2.3574945299561767,0.4485827430828913,0.7828081133074708,0.0,-64.45568559613461,0.9662656599140484,0.47651059137711516,,0.38954132089657906,ly_b3,1.0346082662704688,
21927,118,2025-09-22 03:23:09.688104,1204.2079405784607,1204.2079405784607,42.79946169848902,40.597192798785436,44.96327099432362,88.23170478441283,83.26777273649428,21.788888317269123,6636690,0.9539545898054314,0.013833671299180547,0.9589008630157982,-7.3833651911959085e-06,0.0018085918348387598,2.7102522284410027e-06,184.3125434152659,3.378135338849564e-05,114.0,False,0.9834229188549961,1.1591554396542686e-05,0.008100223094144514,1.1647649828283425e-05,,,114.0,False,1.0476900440208103,0.0015031011254758426,1.009759286219267,,115041.0,114913.0,3623,DL1_datacheck_20250921.h5,/fefs/onsite/data/lst-pipe/LSTN-01/DL1/20250921/v0.11/tailcut84/dl1_LST-1.Run21927.0069.h5,/fefs/onsite/data/lst-pipe/LSTN-01/DL2/20250921/v0.11/tailcut84/nsb_tuning_0.22/dl2_LST-1.Run21927.h5,/fefs/onsite/data/lst-pipe/LSTN-01/DL3/20250921/v0.11/tailcut84/nsb_tuning_0.22/0.10.18/std/20250212_v0.10.17_allsky_interp_dl2_irfs_nsb_0.22/src_indep/point/ring-wobble/gheff0.7_thetacont0.7/irf_interp/dl3_LST-1.Run21927.fits,52.620194295350636,42.20000076293945,2025-09-24 19:40:06,47.20053830151098,8.0,4.0,1.8144792126064024,71.51886805505912,9.8574377997687,0.0018493465912115391,0.4119949227889912,2.310383329466997,1.8447972926225285,0.002492526014295915,4.305609553604784e-05,5511.24915918754,3943.072321644954,40.21305933872802,31.73325462698124,1.3552811853751947,0.023355254193453433,-2.3568194810588174,0.10478341389151297,37.6372595947628,47.117866588810024,1.640585476733872,0.028263068225435128,-2.24888526553209,0.4404976214723228,411.10460435589465,0.9539545898054314,0.1937144713306516,0.015819725616602165,0.07384734963966036,0.019887104988188926,1.0245956173031834,0.09556010013495375,2021.1191798670366,14.3624463169326,1.2960607186687403,10.004819826252321,788.7776626414168,56.74572325200816,1.6613542473022227,2.2019084034044156,1.6802779613522514,0.4699999999999999,0.7104295145360388,0.0,-64.11627529710856,0.990147993133535,0.5074414902913084,,0.4082510126734082,ly_b3,1.009759286219267,
21928,125,2025-09-22 03:43:29.324965,1203.8075852394104,1203.8075852394104,38.802610998546,36.607535507544846,40.966735126165084,89.60233461645424,83.97559574394049,22.24681012724067,7070719,0.9562919668440145,0.013579841944666394,0.9565247680790375,2.9457301728993565e-06,0.0015306848784322888,2.1492741163447484e-06,261.8164468111675,2.16293649657473e-12,121.0,False,0.9889936781363676,-4.916853063564808e-06,0.00817839645556458,1.177812724369306e-05,,,121.0,False,1.0435280586861326,0.0014464189942941308,1.0141509893961989,,114554.0,114710.0,3697,DL1_datacheck_20250921.h5,/fefs/onsite/data/lst-pipe/LSTN-01/DL1/20250921/v0.11/tailcut84/dl1_LST-1.Run21928.0004.h5,/fefs/onsite/data/lst-pipe/LSTN-01/DL2/20250921/v0.11/tailcut84/nsb_tuning_0.22/dl2_LST-1.Run21928.h5,/fefs/onsite/data/lst-pipe/LSTN-01/DL3/20250921/v0.11/tailcut84/nsb_tuning_0.22/0.10.18/std/20250212_v0.10.17_allsky_interp_dl2_irfs_nsb_0.22/src_indep/point/ring-wobble/gheff0.7_thetacont0.7/irf_interp/dl3_LST-1.Run21928.fits,51.6585423350497,42.20000076293945,2025-09-24 19:40:06,51.197389001454,8.0,4.0,1.8157609518883853,71.40697424408218,9.846154353679692,0.0019356903099063318,0.4126332160701431,2.3231089000531724,1.856170783768319,0.0025169694390061456,1.1338783953290814e-05,5873.628881141991,4056.1706537419022,39.365371117631824,32.47554292010716,1.4211786538212878,0.024082633639112967,-2.3426759213906663,0.10310812316195508,37.573520879410474,46.75596788652421,1.6446065150420952,0.02787434392117952,-2.2566198977753342,0.4689480558682966,411.60565187039083,0.9562919668440145,0.1942879674780438,0.016373119476709982,0.07422075281905806,0.02025721983849837,1.020523353193223,0.09700048181344717,2021.581954751869,14.592653113397771,1.3034906490882858,10.001319263495546,788.7011550167651,55.34056741068462,1.775566058096482,2.4577143336653564,1.8429496534631156,0.4699999999999999,0.7585969067826285,0.0,-63.777185316163774,0.9856688151891728,0.45421525926662204,,0.3920388217395509,ly_b3,1.0141509893961989,
21929,127,2025-09-22 04:03:52.119416,1202.4820511341095,1202.4820511341095,33.865371175156085,31.670891795068876,36.03931857584149,93.30864166988133,83.27116874178775,21.78779754700822,7168443,0.9604328130578822,0.013312516255981337,0.9537833317351195,9.518620607292728e-06,0.001349860187414435,2.4641069555561137e-06,293.10459434065933,6.661338147750939e-16,123.0,False,0.9931410762970084,7.4288230087587335e-06,0.007744594791137129,1.1099481878187243e-05,,,123.0,False,1.0422626819330227,0.0013885654320043219,1.002439283183149,,114453.0,114386.0,3807,DL1_datacheck_20250921.h5,/fefs/onsite/data/lst-pipe/LSTN-01/DL1/20250921/v0.11/tailcut84/dl1_LST-1.Run21929.0062.h5,/fefs/onsite/data/lst-pipe/LSTN-01/DL2/20250921/v0.11/tailcut84/nsb_tuning_0.22/dl2_LST-1.Run21929.h5,/fefs/onsite/data/lst-pipe/LSTN-01/DL3/20250921/v0.11/tailcut84/nsb_tuning_0.22/0.10.18/std/20250212_v0.10.17_allsky_interp_dl2_irfs_nsb_0.22/src_indep/point/ring-wobble/gheff0.7_thetacont0.7/irf_interp/dl3_LST-1.Run21929.fits,50.83152450037204,42.20000076293945,2025-09-24 19:40:06,56.134628824843915,8.0,4.0,1.8226402783812763,71.30742961666351,9.836521804896561,0.0018675028666967682,0.4118105103647594,2.3169769013883417,1.8502449846111144,0.0024446663657714377,5.99792779849239e-06,5961.372141263274,4195.588612105888,38.780903653668766,34.34944502858034,1.4938174329181302,0.024917143152449195,-2.306754672962647,0.10121435463512546,37.601514329785225,47.01879622198873,1.654888045449238,0.02760299241732459,-2.243526058599879,0.46336138676860383,412.673341048463,0.9604328130578821,0.1947864026104132,0.01686703473533737,0.07508875752523296,0.019937001381495314,1.0161737290160078,0.09458822794149777,2007.9768912447405,14.461177834581465,1.3084615357726712,10.091635519520768,788.535568034013,53.776847281004706,3.2811496496971975,4.518544870722268,3.468658996295576,0.47685255355216133,0.7734262767760807,0.0,-63.43812577597367,0.9979548488462997,0.5070767943916482,,0.40626033269287537,ly_b3,1.002439283183149,
21930,137,2025-09-22 04:24:08.893521,1210.8400497436523,1210.8400497436523,29.866753202500814,27.66753793676226,32.01304969265559,95.06876212908612,83.97858006716251,22.24609615454426,7771065,0.9552211640240716,0.01270776102900895,0.9519770296866786,3.1936699480960576e-06,0.0013343060743418926,1.718861566595268e-06,353.7633374599998,0.0,133.0,False,1.0055610928211771,-1.3132268340878876e-05,0.007165000750255121,1.0244541087474231e-05,,,133.0,False,1.0483271857695933,0.001316514190320373,1.002380982952311,,114828.0,114641.0,3906,DL1_datacheck_20250921.h5,/fefs/onsite/data/lst-pipe/LSTN-01/DL1/20250921/v0.11/tailcut84/dl1_LST-1.Run21930.0063.h5,/fefs/onsite/data/lst-pipe/LSTN-01/DL2/20250921/v0.11/tailcut84/nsb_tuning_0.22/dl2_LST-1.Run21930.h5,/fefs/onsite/data/lst-pipe/LSTN-01/DL3/20250921/v0.11/tailcut84/nsb_tuning_0.22/0.10.18/std/20250212_v0.10.17_allsky_interp_dl2_irfs_nsb_0.22/src_indep/point/ring-wobble/gheff0.7_thetacont0.7/irf_interp/dl3_LST-1.Run21930.fits,50.133198091151115,42.20000076293945,2025-09-24 19:40:06,60.13324679749918,8.0,4.0,1.8386612815877634,71.37781250050936,9.853501526116403,0.0019100260304179479,0.4128750666995757,2.3559787746372187,1.8823566443351252,0.0028845777256476094,1.412443084504585e-05,6417.91209470253,4313.421909942387,38.152188891022206,36.111856497112946,1.525393671265259,0.023989464499530114,-2.2904001579554993,0.0955666611219613,37.2990438354254,46.88764245084655,1.6440965816027562,0.02586893182091209,-2.242545219403488,0.5242781640701601,411.4446040352997,0.9552211640240716,0.19582768271210765,0.01701423663107706,0.07586876885288782,0.020416628326974894,1.0098930689908738,0.09726971177659964,2008.70345073129,14.632376809456167,1.3790377639849742,10.318591120650812,788.4717290463736,52.78872334173068,5.352267873163316,6.6840733688182175,5.425493120947322,0.49000000000000005,0.8908261381821005,0.0,-63.09843605491351,0.9965096832010761,0.48220045171810316,,0.3938695127676063,ly_b3,1.002380982952311,
21931,137,2025-09-22 04:44:38.066503,1207.1121752262115,1207.1121752262115,24.960997737238664,22.791472456176507,27.119152718608113,100.12501851811172,83.27392799905606,21.786997467036095,7760953,0.9639828583988788,0.013116802214834222,0.9626999005439038,4.123008723445912e-07,0.0016463856445923875,2.2262064721310904e-06,223.29192078640378,1.5591837759787452e-06,133.0,False,0.9961575770521638,-3.2091252165417562e-06,0.007294224481281528,1.0440261157692362e-05,,,133.0,False,1.0384784308350978,0.001316535569059513,1.005802941817144,,105318.0,114448.0,3861,DL1_datacheck_20250921.h5,/fefs/onsite/data/lst-pipe/LSTN-01/DL1/20250921/v0.11/tailcut84/dl1_LST-1.Run21931.0079.h5,/fefs/onsite/data/lst-pipe/LSTN-01/DL2/20250921/v0.11/tailcut84/nsb_tuning_0.22/dl2_LST-1.Run21931.h5,/fefs/onsite/data/lst-pipe/LSTN-01/DL3/20250921/v0.11/tailcut84/nsb_tuning_0.22/0.10.18/std/20250212_v0.10.17_allsky_interp_dl2_irfs_nsb_0.22/src_indep/point/ring-wobble/gheff0.7_thetacont0.7/irf_interp/dl3_LST-1.Run21931.fits,50.0,42.20000076293945,2025-09-24 19:40:06,65.03900226276133,8.0,4.0,1.8304919745722956,71.39877249056936,9.846005974932597,0.0018654034293235633,0.41224862557604636,2.3245975631447795,1.856559643738803,0.0023278795561714073,4.162755525926636e-05,6429.355249064243,4469.567212333794,38.039304016881694,38.85975388053486,1.583449295521513,0.025867891556570162,-2.274437267600891,0.09925342982934575,37.463274797520626,46.89175255300572,1.6628746192622739,0.02716327451716866,-2.2420130406482546,0.48878230388973387,413.5343274622265,0.9639828583988788,0.19619759351269456,0.016888246334919806,0.07544735468604061,0.019812993818547203,1.0101980805350368,0.09338488445336794,2013.481563436296,14.574867698774417,1.3502622468491254,10.135194331355732,788.4426512239185,53.29774642085717,3.232231693527553,4.361340962645646,3.3392862793491465,0.49,0.8839348390483682,0.0,-62.75773280850199,0.9942012597844087,0.4468874485113688,,0.404606734746232,ly_b3,1.005802941817144,
21939,123,2025-09-23 01:21:57.653512,1716.495310306549,1716.495310306549,67.77655270203073,64.74467499618407,70.79161252252194,75.94344784329046,83.95534536920451,22.256019410990934,6864761,0.9352698084408562,0.016392597370330955,0.9247919932249129,1.5852353859168055e-05,0.001675862234415986,1.9599568034381074e-06,308.62976292982444,0.0,119.0,False,1.2062153429359161,-0.00020647559216374633,0.030041459249768022,2.9089582408027037e-05,,,103.0,False,1.0658363077983453,0.0018423159356451713,0.9996691358020725,,166112.0,166061.0,3124,DL1_datacheck_20250922.h5,/fefs/onsite/data/lst-pipe/LSTN-01/DL1/20250922/v0.11/tailcut1005/dl1_LST-1.Run21939.0100.h5,/fefs/onsite/data/lst-pipe/LSTN-01/DL2/20250922/v0.11/tailcut1005/nsb_tuning_0.38/dl2_LST-1.Run21939.h5,/fefs/onsite/data/lst-pipe/LSTN-01/DL3/20250922/v0.11/tailcut1005/nsb_tuning_0.38/0.10.18/std/20250212_v0.10.17_allsky_interp_dl2_irfs_nsb_0.38/src_indep/point/ring-wobble/gheff0.7_thetacont0.7/irf_interp/dl3_LST-1.Run21939.fits,62.55312479632594,42.20000076293945,2025-09-24 19:40:06,22.223447297969276,10.0,5.0,2.096576002900403,71.11412433079873,9.91761745411769,0.0014046391293327828,0.407952132539562,2.6698888467433597,2.134491064293765,0.004567862965623767,2.319923918857027e-05,3999.2891089076275,2234.2001035325334,47.82666881644994,21.361754075095885,0.5974926185611406,0.012516530521193206,-2.536230616600364,0.12725828504993206,42.595336706764044,33.78109526575692,1.6053884587114136,0.03042406008610307,-2.2089796002285746,0.49506684797056894,406.8760131661884,0.935269808440856,0.19757134923946704,0.016589111300830243,0.08092966138670914,0.019901868610417036,1.0468215102436518,0.09852145145354274,1993.7355706563164,12.536084095083352,1.4170825277033998,9.195636884647039,788.9270027015071,76.75071609695634,7.803721869252169,10.176546569135981,7.694416518303441,0.77,0.8184281317918046,0.0,-42.06568798301455,1.0154450030527662,0.4773869741357026,,0.38265372019142296,ly_b3,0.9996691358020725,
21940,74,2025-09-23 01:50:47.018540,1058.9970676898956,1058.9970676898956,62.334853175602646,60.438195885477306,64.20233523210861,78.99707349376632,83.25535065657348,21.794168487933213,4093331,0.949801331884322,0.01292678422612448,0.9417004873359176,2.3150403644029188e-05,0.0024060654740700894,3.7819692408551414e-06,164.94930325197845,1.2342371569218358e-09,70.0,False,0.9325262923443154,7.442331651621208e-06,0.009884648408741951,1.615129353289604e-05,,,70.0,False,1.0483873783996351,0.0018125161599221828,1.0678716593017383,,102275.0,102305.0,2298,DL1_datacheck_20250922.h5,/fefs/onsite/data/lst-pipe/LSTN-01/DL1/20250922/v0.11/tailcut1005/dl1_LST-1.Run21940.0026.h5,/fefs/onsite/data/lst-pipe/LSTN-01/DL2/20250922/v0.11/tailcut1005/nsb_tuning_0.38/dl2_LST-1.Run21940.h5,/fefs/onsite/data/lst-pipe/LSTN-01/DL3/20250922/v0.11/tailcut1005/nsb_tuning_0.38/0.10.18/std/20250212_v0.10.17_allsky_interp_dl2_irfs_nsb_0.38/src_indep/point/ring-wobble/gheff0.7_thetacont0.7/irf_interp/dl3_LST-1.Run21940.fits,63.86465888999905,42.20000076293945,2025-09-24 19:40:06,27.665146824397347,10.0,5.0,2.017506220690369,70.93892671749347,9.872091985431325,0.0014585102731073025,0.4081649277446509,2.5569954207140797,2.0424758947700385,0.0034746810352450485,0.00010565705422101049,3865.2902117370577,2623.360427295834,48.46806832342908,23.1983715982809,0.7876398881561953,0.013054027699177396,-2.466600914193299,0.10108378179772388,42.95130743311045,34.04944190736941,1.6364921184313301,0.024607424242339953,-2.2005353559310117,0.5521906229829766,410.31041284517966,0.949801331884322,0.19507059087433942,0.01667888919817097,0.07682782681496023,0.02081466235858357,1.041863262833413,0.09704685399328404,2012.9006335574159,12.82612793069651,1.3401946966522666,9.557836735359786,788.7116438099722,72.12152917472395,8.81905632556751,12.013537103486541,8.463388866166932,0.7699999999999999,0.9306067501772385,0.0,-41.67557856071484,0.9347180028516737,0.5119141143059216,,0.4149820990858946,ly_b3,1.0678716593017383,
21941,87,2025-09-23 02:08:45.237603,1228.9815950393677,1228.9815950393677,58.59536711263035,56.384203999493934,60.75557185697512,80.13193980815055,83.96493438563056,22.251478935165622,4820408,0.9617399899286939,0.012886605332971063,0.961611835440098,-1.1233646513845881e-07,0.0018890469521498164,2.8901876594422673e-06,177.8460794388657,7.18780956976417e-09,83.0,False,0.9347430926514121,2.8337256347362808e-05,0.008191776781777373,1.1532512209272749e-05,,,83.0,False,1.0399948200835347,0.0016452927840719743,1.0504894218328313,,118850.0,118848.0,2957,DL1_datacheck_20250922.h5,/fefs/onsite/data/lst-pipe/LSTN-01/DL1/20250922/v0.11/tailcut1005/dl1_LST-1.Run21941.0029.h5,/fefs/onsite/data/lst-pipe/LSTN-01/DL2/20250922/v0.11/tailcut1005/nsb_tuning_0.38/dl2_LST-1.Run21941.h5,/fefs/onsite/data/lst-pipe/LSTN-01/DL3/20250922/v0.11/tailcut1005/nsb_tuning_0.38/0.10.18/std/20250212_v0.10.17_allsky_interp_dl2_irfs_nsb_0.38/src_indep/point/ring-wobble/gheff0.7_thetacont0.7/irf_interp/dl3_LST-1.Run21941.fits,64.15982517255912,42.20000076293945,2025-09-24 19:40:06,31.404632887369633,10.0,5.0,1.9663965133769628,70.87085724094882,9.855936651690334,0.0014748745528060945,0.4079646474329648,2.512204587714752,2.0062022506812154,0.0034953893986845322,1.7587394698291272e-05,3922.2784291131625,2813.2040495604415,49.05285822451275,23.571031060957075,0.9075466816893125,0.015673902296822754,-2.450318138719206,0.10435385736737668,43.412415080230886,34.48966527783527,1.6590506532135427,0.025883856365928853,-2.221632741627544,0.49692366876733085,413.0442088572917,0.9617399899286939,0.1936999846878243,0.01676541625539299,0.07541868520149282,0.020708774848665405,1.0386370621946759,0.09610132773188369,2011.074537382611,12.717062766264872,1.5230971859283777,9.426615259800935,788.5931412988714,81.14247476842992,8.555136055958567,11.699847206944268,7.820876133931572,1.2079253855574248,1.077947765391022,7.101492738769045,-41.352846487114604,0.9514308052468309,0.5448960516543295,,0.38687669279598597,ly_b3,1.0504894218328313,
21942,57,2025-09-23 02:29:34.806901,786.8244581222534,786.8244581222534,54.433135440857484,53.04891188400792,55.80930498371497,82.6141984827966,83.2618712760159,21.791774000844658,3182991,0.9628285204160927,0.013682148383057723,0.9668874109933034,-9.108778763527928e-06,0.0028596217419109876,6.965264756039491e-06,49.08905199008816,0.6271886346782628,53.0,False,0.9855059543418655,-3.306269954825414e-05,0.01154126011077442,2.5853911614377683e-05,,,53.0,False,1.0380353037867782,0.002026943409584625,1.0281142615598555,,76093.0,76011.0,2018,DL1_datacheck_20250922.h5,/fefs/onsite/data/lst-pipe/LSTN-01/DL1/20250922/v0.11/tailcut84/dl1_LST-1.Run21942.0026.h5,/fefs/onsite/data/lst-pipe/LSTN-01/DL2/20250922/v0.11/tailcut84/nsb_tuning_0.22/dl2_LST-1.Run21942.h5,/fefs/onsite/data/lst-pipe/LSTN-01/DL3/20250922/v0.11/tailcut84/nsb_tuning_0.22/0.10.18/std/20250212_v0.10.17_allsky_interp_dl2_irfs_nsb_0.22/src_indep/point/ring-wobble/gheff0.7_thetacont0.7/irf_interp/dl3_LST-1.Run21942.fits,61.26852456104589,42.20000076293945,2025-09-24 19:40:06,35.566864559142516,8.0,4.0,1.9117800922823687,70.870332217909,9.830608882626107,0.0014218121717257423,0.4066945750869751,2.422625356435499,1.9331116818192415,0.0026045655369508394,5.716510828181662e-06,4045.3635714326515,3445.1687056972705,46.8216941294388,28.83589734946795,1.1205904368061612,0.01907404974374699,-2.422914447082601,0.10321253008506306,41.576328484562474,42.87560466359411,1.6610112008635287,0.028247426699171338,-2.231870218405461,0.40084981284273435,413.2906273018553,0.9628285204160927,0.19299596178182093,0.016690179346103177,0.07506317487259155,0.020911335367173788,1.0352404400474067,0.0976322889419689,2001.0687822727318,12.50571067956867,1.3862235939412737,9.34797395598704,788.522440001245,85.63051586075565,8.803589698995452,12.345809043862337,9.011360311279317,1.5099999999999998,1.1338781919138947,12.0,-41.06784668129782,0.9713932445593496,0.5170418551090411,,0.41120645876538153,ly_b3,1.0281142615598555,
21943,75,2025-09-23 02:48:04.590576,664.8458518981934,664.8458518981934,50.61161560317201,49.40609898796923,51.80643869257697,84.3949758553925,83.26397685457647,21.790063207545057,4234977,0.9461505740869908,0.015203789065116742,0.9558358323318247,-1.6880737772395474e-05,0.0025452980504043553,6.724146011253298e-06,99.67952332592274,0.014014609855941829,71.0,False,0.9646629248463651,-1.3199157053267547e-05,0.011324922262519414,2.996422903115307e-05,,,71.0,False,1.052314507161758,0.0021299800922333447,1.0413134665282535,,63029.0,63003.0,1847,DL1_datacheck_20250922.h5,/fefs/onsite/data/lst-pipe/LSTN-01/DL1/20250922/v0.11/tailcut84/dl1_LST-1.Run21943.0024.h5,/fefs/onsite/data/lst-pipe/LSTN-01/DL2/20250922/v0.11/tailcut84/nsb_tuning_0.22/dl2_LST-1.Run21943.h5,/fefs/onsite/data/lst-pipe/LSTN-01/DL3/20250922/v0.11/tailcut84/nsb_tuning_0.22/0.10.18/std/20250212_v0.10.17_allsky_interp_dl2_irfs_nsb_0.22/src_indep/point/ring-wobble/gheff0.7_thetacont0.7/irf_interp/dl3_LST-1.Run21943.fits,53.476313398096416,42.20000076293945,2025-09-24 19:40:06,39.38838439682798,8.0,4.0,1.868282731103531,70.79748350585594,9.810331285591458,0.0014360464817514149,0.40729039033873854,2.371808978147003,1.8916402983977478,0.0025341617863744816,6.988726616623891e-06,6369.863010965276,3737.3264688436147,40.821246742103625,31.029327520074688,1.1894437019603985,0.021999426294756815,-2.396710293080107,0.11258295329908434,36.64553735080316,46.93893402686997,1.6254478596019402,0.030070192435452607,-2.2364261126438296,0.5018329376754193,409.3185950610387,0.9461505740869908,0.19255275255858362,0.01675293719951779,0.07416460424495433,0.019944001838281492,1.0315261605623516,0.09628949890599824,2010.758213037188,12.780191826659234,1.396531368331714,9.189574544908252,788.4452335327655,87.29444318599458,8.39151381950483,11.597722119693525,8.569454549252393,1.51,1.1578023609109869,15.329645863351992,-40.775919697712446,0.9594815818516831,0.4983560661037552,,0.4105212604752428,ly_b3,1.0413134665282535,
21944,191,2025-09-23 02:59:27.435041,1682.3903048038483,1682.3903048038483,46.72294205918059,43.661218745248156,49.75698429690824,85.60030362611694,83.97261597529697,22.248216456066974,10862983,0.9462166958548611,0.014512516318571337,0.9456191084958235,1.6491422998293116e-06,0.0017186171646589273,1.6814152004941558e-06,279.90261752143726,1.2540779764091958e-05,187.0,False,0.9672304517904868,1.1252466043368803e-05,0.006260437710584788,6.502074717145844e-06,,,187.0,False,1.0559642167294954,0.001260290838236559,1.0239199828456356,,159228.0,159349.0,4849,DL1_datacheck_20250922.h5,/fefs/onsite/data/lst-pipe/LSTN-01/DL1/20250922/v0.11/tailcut84/dl1_LST-1.Run21944.0088.h5,/fefs/onsite/data/lst-pipe/LSTN-01/DL2/20250922/v0.11/tailcut84/nsb_tuning_0.22/dl2_LST-1.Run21944.h5,/fefs/onsite/data/lst-pipe/LSTN-01/DL3/20250922/v0.11/tailcut84/nsb_tuning_0.22/0.10.18/std/20250212_v0.10.17_allsky_interp_dl2_irfs_nsb_0.22/src_indep/point/ring-wobble/gheff0.7_thetacont0.7/irf_interp/dl3_LST-1.Run21944.fits,52.86339150970513,42.20000076293945,2025-09-24 19:40:06,43.27705794081941,8.0,4.0,1.8634135026686847,70.87193829198452,9.817953634586411,0.0014875057683921826,0.40761839644491715,2.3825542280692775,1.9004159282354207,0.0026463015795941164,2.314821770883408e-06,6456.874465444882,3827.2313990484618,40.268164091739834,31.020495627534793,1.2709244983887615,0.02235933445696847,-2.364694515021844,0.1070665093687922,36.852073905216955,46.89005524512236,1.6256017685670028,0.028598624676094354,-2.231912831218389,0.50848792588971,409.3287182194637,0.9462166958548611,0.19293708791449599,0.017085192576146116,0.07492835692709009,0.020690311862658864,1.0277249592264268,0.09699129265887765,2001.9890288069844,12.824222921785987,1.3878877494792123,9.318576293921216,788.3449216199824,85.04200572084879,9.678200291454079,14.443743863552553,10.09122192834187,2.416928690171448,1.18,12.0,-40.44436987360704,0.9762127248430897,0.5433892963899878,,0.3906319351137891,ly_b3,1.0239199828456356,
21945,128,2025-09-23 03:27:47.550846,1179.4021701812744,1179.4021701812744,40.95930257697741,38.80352384744495,43.093800302363064,89.19705092938224,83.26857145970499,21.788729281594154,7236489,0.948678275500393,0.013796492936621352,0.9510583171015509,2.857623556674401e-07,0.0014793619752087738,2.3372320077714645e-06,267.5796640623584,1.4511725154875421e-12,124.0,False,0.9753996015357588,9.697294790204815e-06,0.00775237531778228,1.1362429408546351e-05,,,124.0,False,1.0512748946159873,0.0014832995442516817,1.0192862189722673,,111595.0,111950.0,3567,DL1_datacheck_20250922.h5,/fefs/onsite/data/lst-pipe/LSTN-01/DL1/20250922/v0.11/tailcut84/dl1_LST-1.Run21945.0011.h5,/fefs/onsite/data/lst-pipe/LSTN-01/DL2/20250922/v0.11/tailcut84/nsb_tuning_0.22/dl2_LST-1.Run21945.h5,/fefs/onsite/data/lst-pipe/LSTN-01/DL3/20250922/v0.11/tailcut84/nsb_tuning_0.22/0.10.18/std/20250212_v0.10.17_allsky_interp_dl2_irfs_nsb_0.22/src_indep/point/ring-wobble/gheff0.7_thetacont0.7/irf_interp/dl3_LST-1.Run21945.fits,51.77778107230209,42.20000076293945,2025-09-24 19:40:06,49.04069742302259,8.0,4.0,1.855629776162576,71.01707515394989,9.838265084098069,0.0014415325243874707,0.407159911567507,2.3772475295047304,1.8947842999475075,0.0033228549710892508,0.00014508504112176307,6135.726373038427,3999.461014451924,39.17494140851676,32.32099743163095,1.3759398033891126,0.02330791182945897,-2.339283097251711,0.10321677573575916,37.02962654187188,47.36104905673448,1.6294033736927096,0.02759570788025897,-2.2418233205751505,0.5011766075932662,409.8490151568862,0.9486782755003927,0.1933976948331138,0.018354738424029172,0.07537613025358095,0.021228389938761152,1.0223028830405325,0.09691152630729408,1993.756730022889,12.723946535946137,1.296055927934855,8.919799550550875,788.2092499551586,86.08626749880595,10.097111932639116,12.480834858104334,9.036077842210872,3.9600000000000004,1.18,12.0,-40.04212940880894,0.9802714753643944,0.5376909922486758,,0.40772645029786303,ly_b3,1.0192862189722673,
21946,142,2025-09-23 03:47:44.096196,1206.349761247635,1206.349761247635,37.00055048518535,34.79658366721162,39.167178556579366,90.59690772815634,83.97649945476567,22.24688108794886,8056223,0.9477889197576377,0.014115347326486631,0.9518296350395513,-4.875030740677245e-07,0.0017659204169747558,2.5850518582647995e-06,205.5501900068516,0.00016947103338782465,138.0,False,0.9814676038806454,-1.3042407011683422e-05,0.006652338126880333,9.542847789587901e-06,,,138.0,False,1.0509314027354457,0.0014085415708647506,1.0270997052293103,,114062.0,113995.0,3706,DL1_datacheck_20250922.h5,/fefs/onsite/data/lst-pipe/LSTN-01/DL1/20250922/v0.11/tailcut84/dl1_LST-1.Run21946.0086.h5,/fefs/onsite/data/lst-pipe/LSTN-01/DL2/20250922/v0.11/tailcut84/nsb_tuning_0.22/dl2_LST-1.Run21946.h5,/fefs/onsite/data/lst-pipe/LSTN-01/DL3/20250922/v0.11/tailcut84/nsb_tuning_0.22/0.10.18/std/20250212_v0.10.17_allsky_interp_dl2_irfs_nsb_0.22/src_indep/point/ring-wobble/gheff0.7_thetacont0.7/irf_interp/dl3_LST-1.Run21946.fits,50.71446489162645,42.20000076293945,2025-09-24 19:40:06,52.99944951481465,8.0,4.0,1.8748686310392249,70.96036411689673,9.835939983114978,0.001380316294141455,0.40696620144360574,2.406269488478836,1.919325682409122,0.00315197076802622,3.24741805871454e-05,6678.181783422469,4104.396717316221,38.63483535367924,33.434116327679405,1.4317942587266532,0.025084978490998732,-2.3238421726837304,0.10670784522807669,37.12424141186945,47.33761592227323,1.6284606403044186,0.028549254357136324,-2.246634452368107,0.48339786092687453,409.6867820518983,0.9477889197576377,0.19415065729592443,0.017235066225431892,0.0771188885460791,0.02071831691493024,1.0191257973013061,0.09636350819353559,1983.6325079243884,12.479750852350046,1.300023940335284,8.943734670750802,788.1493238633774,85.93451440832318,9.788731747834495,14.386182092936036,9.972291791332431,3.96,1.18,12.0,-39.70596385682558,0.9733928567606305,0.5026889737603785,,0.3927593484785454,ly_b3,1.0270997052293103,
21947,144,2025-09-23 04:08:07.993788,1237.4032337665558,1227.2440196897674,32.01280704101869,29.748999088209928,34.29532341704815,94.52671165316893,83.2723431285826,21.78813356455215,8186467,0.9212731232518016,0.014962844291140268,0.9492115163272311,1.2208845216526262e-05,0.0016053872027337573,2.2748557186623286e-06,992.5461347815974,0.0,138.0,False,1.0022443345625276,-5.5641451249716065e-05,0.017049579413544146,2.3780958963142228e-05,,,140.0,False,1.0453654300452009,0.0017039139632459707,1.0332985895116433,,112639.0,116565.0,3798,DL1_datacheck_20250922.h5,/fefs/onsite/data/lst-pipe/LSTN-01/DL1/20250922/v0.11/tailcut84/dl1_LST-1.Run21947.0004.h5,/fefs/onsite/data/lst-pipe/LSTN-01/DL2/20250922/v0.11/tailcut84/nsb_tuning_0.22/dl2_LST-1.Run21947.h5,/fefs/onsite/data/lst-pipe/LSTN-01/DL3/20250922/v0.11/tailcut84/nsb_tuning_0.22/0.10.18/std/20250212_v0.10.17_allsky_interp_dl2_irfs_nsb_0.22/src_indep/point/ring-wobble/gheff0.7_thetacont0.7/irf_interp/dl3_LST-1.Run21947.fits,50.01774665404788,42.20000076293945,2025-09-24 19:40:06,57.98719295898131,8.0,4.0,1.832376781137258,70.4793896325196,9.790369933188256,0.0013326228133312484,0.40621417361847806,2.331136022962971,1.8643190115952877,0.002987618757858989,9.518812197687993e-05,6670.610627273166,4143.453884000539,37.71597784119297,34.979152465506196,1.4510523357327423,0.024560632098410015,-2.280711590752901,0.11796749456423708,36.72163593363925,46.811027493987474,1.5867277028757423,0.026860467217616896,-2.224928854290397,0.49165284856862146,399.7585648856708,0.9212731232518018,0.19420459950100438,0.01689207369215919,0.07751563325938218,0.02048825735225796,1.020605150693245,0.09514437218451845,1990.543035046501,12.318397661939146,1.3868734769950677,8.861043633695639,788.0904682879393,87.76212829916281,9.169107410027609,13.667849897508486,9.307798085919208,1.1805937369267836,-0.04159388175395379,11.999999999999998,-39.362722893354764,0.9671082302714822,0.48325441366365907,,0.4051713333183215,ly_b3,1.0332985895116433,
21948,127,2025-09-23 04:29:02.670668,1164.651706457138,1164.651706457138,28.02039403524037,25.941680608894927,30.10986977154552,96.42502193748822,83.97941321690236,22.246141371577817,7227984,0.7776423448973233,0.017454020704527257,0.9954614661009671,-0.00014421401435093327,0.0014608852143095446,3.07277363891466e-06,6580.906187550941,0.0,120.0,False,1.054071399488424,-0.00027655286561092745,0.019309269801801813,3.19457636134964e-05,,,123.0,False,1.0926708287245177,0.0031394266694299415,1.1313234741569282,,110338.0,110442.0,3859,DL1_datacheck_20250922.h5,/fefs/onsite/data/lst-pipe/LSTN-01/DL1/20250922/v0.11/tailcut84/dl1_LST-1.Run21948.0074.h5,/fefs/onsite/data/lst-pipe/LSTN-01/DL2/20250922/v0.11/tailcut84/nsb_tuning_0.22/dl2_LST-1.Run21948.h5,/fefs/onsite/data/lst-pipe/LSTN-01/DL3/20250922/v0.11/tailcut84/nsb_tuning_0.22/0.10.18/std/20250212_v0.10.17_allsky_interp_dl2_irfs_nsb_0.22/src_indep/point/ring-wobble/gheff0.7_thetacont0.7/irf_interp/dl3_LST-1.Run21948.fits,50.0,42.20000076293945,2025-09-24 19:40:06,61.979605964759635,8.0,4.0,1.8701007989189975,71.27030204644126,9.85180467564437,0.0013339862151820826,0.4053578350840852,2.3933563459835563,1.9087394882623319,0.002980332644609845,1.5092445438183914e-05,6206.13352466333,3711.3129839895823,37.00710952523553,32.35115047017588,1.2583809629234364,0.021802301652824183,-2.1968216051034855,0.10972548700518955,36.2889845043822,41.028532273506144,1.3440880927834074,0.023285983228964503,-2.1552073729157404,0.5115330988672507,358.76328025059325,0.7776423448973233,0.19236977393875032,0.015690581498092753,0.07786939572761724,0.020127099301425637,1.014116351638833,0.09526382265212842,1965.6220201487135,12.220784294354269,1.3585417106048803,8.892640490332932,788.1938084408216,88.52815836615645,11.213718973315009,15.290903521277494,11.048009986290188,5.271255157181146,0.5056537712174994,12.0,-39.02315202754706,0.857775417404283,0.5302448414191883,,0.3945242782424755,ly_b3,1.1313234741569282,
21949,140,2025-09-23 04:48:47.977065,1591.8791785240173,1591.8791785240173,22.53357684298248,19.708764676638637,25.37587086694606,102.64842077247295,83.27486128919978,21.787335802908018,7870567,144231.25921765607,inf,0.8547707433973013,5.803181593571111e-05,0.0022888869111196528,2.1036561094337556e-06,22174.16705983094,0.0,125.0,False,0.6688628425220114,0.00017463012237941834,0.03795437316658164,3.98169629154463e-05,,,136.0,False,1.10568726118765,0.004845916184278279,1.251565325985687,,151449.0,151614.0,5390,DL1_datacheck_20250922.h5,/fefs/onsite/data/lst-pipe/LSTN-01/DL1/20250922/v0.11/tailcut84/dl1_LST-1.Run21949.0053.h5,/fefs/onsite/data/lst-pipe/LSTN-01/DL2/20250922/v0.11/tailcut84/nsb_tuning_0.22/dl2_LST-1.Run21949.h5,/fefs/onsite/data/lst-pipe/LSTN-01/DL3/20250922/v0.11/tailcut84/nsb_tuning_0.22/0.10.18/std/20250212_v0.10.17_allsky_interp_dl2_irfs_nsb_0.22/src_indep/point/ring-wobble/gheff0.7_thetacont0.7/irf_interp/dl3_LST-1.Run21949.fits,50.0,42.20000076293945,2025-09-24 19:40:06,67.46642315701753,8.0,4.0,1.862562638661343,70.90171350785211,9.939546963301307,0.0013034670096091724,0.40467704740510746,2.3584766576619196,1.8836373418894983,0.002736489599341535,1.3124758925795043e-05,4944.198721976847,3042.058131880351,35.55482895474949,28.07086546792883,1.0048235883814978,inf,-1.9839473227162532,inf,35.12182046687133,32.57057930353031,1.042845643518426,inf,-1.957799514228957,0.4794874000363922,296.91474855792745,144231.25921765598,0.18636949148127802,0.015418733632267428,0.07811461431052176,0.020627176979777506,1.0157386650071583,0.09599967061960125,1923.9083744422821,11.91826170315669,1.369744992757113,8.918027885651677,788.2606972090545,85.18885175028949,10.052163824698754,14.428097036853895,10.221454895738662,8.08,1.18,12.0,-38.63521199621616,0.7399594975838835,0.43974982025904563,,0.4037019899963632,ly_b3,1.251565325985687,
21950,133,2025-09-23 05:15:35.233235,1191.3432438373566,1180.2754357182894,17.945924133273582,15.895170023653534,20.02662509864699,107.09288533369283,83.98255869432133,22.245601172048953,7547622,0.9197862070466555,0.014240902585390814,0.9243253950638556,9.944517059040164e-06,0.0013469791017668392,2.0948866898249067e-06,6622.120103745472,0.0,129.0,False,0.9094715711452639,6.672249854112681e-05,0.017269026795971962,2.504974072235619e-05,,,129.0,False,1.074983239177972,0.0016238434216418185,1.0540357474277462,,111685.0,111800.0,3939,DL1_datacheck_20250922.h5,/fefs/onsite/data/lst-pipe/LSTN-01/DL1/20250922/v0.11/tailcut84/dl1_LST-1.Run21950.0042.h5,/fefs/onsite/data/lst-pipe/LSTN-01/DL2/20250922/v0.11/tailcut84/nsb_tuning_0.22/dl2_LST-1.Run21950.h5,/fefs/onsite/data/lst-pipe/LSTN-01/DL3/20250922/v0.11/tailcut84/nsb_tuning_0.22/0.10.18/std/20250212_v0.10.17_allsky_interp_dl2_irfs_nsb_0.22/src_indep/point/ring-wobble/gheff0.7_thetacont0.7/irf_interp/dl3_LST-1.Run21950.fits,50.01774665404788,42.20000076293945,2025-09-24 19:40:06,72.05407586672642,8.0,4.0,1.8958171545520146,71.24307425773044,9.90046570297292,0.001533407939211116,0.40811860032429487,2.418735514754838,1.9392209138903915,0.004097232216469619,3.9279985195913634e-05,6394.7971563152,4422.753233717165,37.83702582647619,40.086374674125985,1.5278295969773534,0.024246920077999425,-2.266936578994696,0.09710893629330919,37.54162059570931,44.11111763010969,1.5638928307842261,0.024818919394896014,-2.2507595103495848,0.5093680232310701,401.6313213001941,0.9197862070466555,0.195209297051535,0.01714186266367101,0.07836446949787419,0.020471443289742153,1.0123209351426206,0.09537673066708992,1983.3443406716333,12.712044332238882,1.4414362080151142,8.808911957664492,788.3048559522382,84.4802825711055,12.133001675436375,17.57208849137094,12.558627319566746,1.7759729498780406,1.1799999999999997,12.0,-38.24278834106458,0.9491844530461845,0.5267716987370917,,0.3965912964994379,ly_b3,1.0540357474277462,
21951,48,2025-09-23 05:35:45.080441,438.57922101020813,433.52343889574206,14.737160528670563,14.025575742662156,15.470634909782902,114.92009648633625,83.27863856241815,21.78774022655886,2719025,0.9212679665813077,0.014370892465958074,1.00818719507551,-0.00028565996992333713,0.0032185291922487915,1.2433589735914368e-05,1578.2383816394026,0.0,44.0,False,1.0251788253958258,-0.00035035259424750896,0.02813752196740967,0.00011585215741723517,,,44.0,False,1.0582491638893614,0.002516804211959165,1.0556922570321028,,41140.0,41194.0,1404,DL1_datacheck_20250922.h5,/fefs/onsite/data/lst-pipe/LSTN-01/DL1/20250922/v0.11/tailcut84/dl1_LST-1.Run21951.0006.h5,/fefs/onsite/data/lst-pipe/LSTN-01/DL2/20250922/v0.11/tailcut84/nsb_tuning_0.22/dl2_LST-1.Run21951.h5,/fefs/onsite/data/lst-pipe/LSTN-01/DL3/20250922/v0.11/tailcut84/nsb_tuning_0.22/0.10.18/std/20250212_v0.10.17_allsky_interp_dl2_irfs_nsb_0.22/src_indep/point/ring-wobble/gheff0.7_thetacont0.7/irf_interp/dl3_LST-1.Run21951.fits,50.0,42.20000076293945,2025-09-24 19:40:06,75.26283947132944,8.0,4.0,1.8994837069208477,70.62438710253414,9.845090367098996,0.0014218263292566004,0.4060617112679647,2.3983244459946462,1.9292162969875348,0.004150101556585653,6.410873532056589e-05,6271.921552675028,4486.322596429982,37.402930936514025,41.149433724970386,1.5373661002927832,0.02538646682481845,-2.2794896227364982,0.10099641893406591,37.205130014927704,43.850533329212226,1.5610840636530252,0.025779181242781758,-2.2687760109360755,0.47963233561144736,402.053240102444,0.9212679665813077,0.1934160713429002,0.015526838868874878,0.07730245848134155,0.02024779854198787,1.0170035445935275,0.09535174671907543,1983.8617673914766,12.49490238074382,1.378820776449887,8.701885667608089,788.2691199870831,84.41866490539306,12.360425509923914,18.46763866213909,13.913060548576379,1.2800000000000002,1.1800000000000002,12.000000000000002,-38.012353023059056,0.9442593640803021,0.5617259914808415,,0.40059475891820084,ly_b3,1.0556922570321028,
22028,107,2025-09-26 04:42:22.626302,1200.722822189331,1200.722822189331,22.51319240742047,20.366781521873534,24.65474015259784,101.33291154313494,83.98147805051474,22.2454988196101,5995303,0.9881864080586298,0.00997481099733121,0.9837550830280338,3.770545370261262e-06,0.0012845921302664467,1.9441825948638285e-06,520.2730103431496,0.0,103.0,False,1.0278160882418133,2.692182526487008e-07,0.006668402810979627,9.71852851758752e-06,,,103.0,False,1.0142017927720766,0.001083740684044624,0.9727850896348753,,115166.0,115103.0,4100,DL1_datacheck_20250925.h5,/fefs/onsite/data/lst-pipe/LSTN-01/DL1/20250925/v0.11/tailcut1005/dl1_LST-1.Run22028.0087.h5,/fefs/onsite/data/lst-pipe/LSTN-01/DL2/20250925/v0.11/tailcut1005/nsb_tuning_0.38/dl2_LST-1.Run22028.h5,/fefs/onsite/data/lst-pipe/LSTN-01/DL3/20250925/v0.11/tailcut1005/nsb_tuning_0.38/0.10.18/std/20250212_v0.10.17_allsky_interp_dl2_irfs_nsb_0.38/src_indep/point/ring-wobble/gheff0.7_thetacont0.7/irf_interp/dl3_LST-1.Run22028.fits,61.69376636759637,41.52000045776367,2025-09-25 20:24:10,67.48680759257954,10.0,5.0,2.0572344008241905,72.54871908157104,9.98632183089723,0.001709166120328478,0.41074317758002055,2.6097484688483568,2.0859775853715123,0.00371125736519585,7.306178145697082e-07,4993.07824354375,3583.740494041752,47.192720760759286,25.638818820771142,1.5003732098514433,0.020404226433675586,-2.2619592884973914,0.0826584366187876,46.61480842082772,29.88047708087128,1.7144642266866312,0.021210308311128433,-2.235937820118921,0.5466723390380884,419.22458633832764,0.9881864080586298,0.20514737480511433,0.01736560238569065,0.08031140145352213,0.02015758161796461,1.0077506469804471,0.09547080301529308,2023.3278950394042,13.77905318646406,1.4103867502075123,9.300001948619347,788.6783609222592,58.42023982229871,6.513971454729186,7.921809545530015,6.716286021602553,0.08,0.44740287979102816,0.0,8.4688033990296,1.0277861244455286,0.5119401509052741,,0.39571410110337013,ly_b3,0.9727850896348753,
22029,102,2025-09-26 05:02:37.268528,1194.510214805603,1194.510214805603,17.808947501375897,15.758282442745141,19.882706749512167,108.97492662798547,83.27634348156876,21.78724354485117,5702834,1.0056212436425893,0.011987194383766936,0.9888357244611108,6.209180196345906e-06,0.0014291145878949697,1.8615703149322159e-06,500.89736018522336,0.0,97.0,False,0.9965720953944117,4.141876887041322e-05,0.011862116498425293,1.7408109717440486e-05,,,98.0,False,1.007525093192206,0.0014310968695802496,0.979435232200031,,113626.0,113745.0,4065,DL1_datacheck_20250925.h5,/fefs/onsite/data/lst-pipe/LSTN-01/DL1/20250925/v0.11/tailcut1005/dl1_LST-1.Run22029.0066.h5,/fefs/onsite/data/lst-pipe/LSTN-01/DL2/20250925/v0.11/tailcut1005/nsb_tuning_0.38/dl2_LST-1.Run22029.h5,/fefs/onsite/data/lst-pipe/LSTN-01/DL3/20250925/v0.11/tailcut1005/nsb_tuning_0.38/0.10.18/std/20250212_v0.10.17_allsky_interp_dl2_irfs_nsb_0.38/src_indep/point/ring-wobble/gheff0.7_thetacont0.7/irf_interp/dl3_LST-1.Run22029.fits,63.57085051535289,41.52000045776367,2025-09-25 20:24:10,72.19105249862409,10.0,5.0,2.0511980029375514,71.53233977442218,9.977228658711361,0.0018024405250014477,0.4119673754117258,2.5902760686187833,2.0761269718230215,0.0049077626490950195,2.7090591281037495e-05,4774.202789825527,3611.715451677495,48.14300889819795,25.665469558239295,1.5669458218543704,0.021738425592285674,-2.2877525599756963,0.08508063582981402,47.77349111978881,28.21458229524342,1.7584903462705892,0.022247840051799198,-2.2718313085345323,0.5027180769184341,422.1842168919422,1.0056212436425893,0.20457340629967544,0.01662030856634382,0.08036999631239566,0.020133606865697033,1.009429372303709,0.09372877607589689,2025.4399363345315,13.87014200860328,1.4456067029444069,8.378278823623816,788.7147743372299,59.08377467644025,4.69553391961679,5.752311655360206,4.659791175010145,0.0854999335695074,0.4712495017713053,0.0,8.80605202498105,1.0213074607320536,0.5013844572001773,,0.40262553176418153,ly_b3,0.979435232200031,
22030,100,2025-09-26 05:22:49.465009,1190.1360175609589,1190.1360175609589,14.054438251721574,12.107772265918271,16.03226448560585,114.62251682833273,83.98344577846888,22.245062356017097,5596738,1.000984812070781,0.011609218214747561,1.00511827201907,-1.4411514080964587e-05,0.0011228873084215512,1.11664129774673e-06,827.2524800650427,0.0,95.0,False,1.0296753411992443,-1.596276648297231e-05,0.008624963211538049,1.2569883752498981e-05,,,96.0,False,1.0034381898110722,0.00119026459257509,0.9802018346570381,,113907.0,113985.0,4201,DL1_datacheck_20250925.h5,/fefs/onsite/data/lst-pipe/LSTN-01/DL1/20250925/v0.11/tailcut1005/dl1_LST-1.Run22030.0031.h5,/fefs/onsite/data/lst-pipe/LSTN-01/DL2/20250925/v0.11/tailcut1005/nsb_tuning_0.38/dl2_LST-1.Run22030.h5,/fefs/onsite/data/lst-pipe/LSTN-01/DL3/20250925/v0.11/tailcut1005/nsb_tuning_0.38/0.10.18/std/20250212_v0.10.17_allsky_interp_dl2_irfs_nsb_0.38/src_indep/point/ring-wobble/gheff0.7_thetacont0.7/irf_interp/dl3_LST-1.Run22030.fits,64.15982517255912,41.52000045776367,2025-09-25 20:24:10,75.94556174827842,10.0,5.0,2.029577963207545,71.50042980562061,9.960804866555355,0.0017583552134515306,0.4118782538008642,2.5866240315362914,2.069080414649441,0.004736184627547629,1.739528991510516e-05,4702.603666654711,3607.5826095903244,48.883880855070764,25.609854808746555,1.572287729734677,0.022631838797696036,-2.268792115415767,0.0872571811881037,48.64670085134026,27.13417802943501,1.7492457356876527,0.02294543245871206,-2.259010045548289,0.47222382561420573,421.7543569340924,1.000984812070781,0.20546856430839197,0.0180771205904239,0.08139556853035076,0.022165046642986703,1.0069485532606313,0.09467415359728917,2025.1641399343364,13.924263972450348,1.3799585913451329,9.25618416958445,788.7184981132444,58.304288973811246,8.824074353197156,10.113008182586709,8.619280387637623,-0.011623333301859662,0.38154334770364484,0.0,9.142036236862667,1.0203779500813617,0.4893642881298365,,0.396954881454997,ly_b3,0.9802018346570381,
22049,94,2025-09-27 01:13:15.296818,1280.3528354167938,1280.3528354167938,67.05912257737705,64.80144281901974,69.3053252372121,76.27809960014532,83.95646360191388,22.255430389731533,5255352,0.9390553624271618,0.01659164106911482,0.942206460089452,7.496781084796348e-06,0.002426359962934397,3.4545943189810605e-06,221.7551150179916,4.078959392472825e-13,90.0,False,1.0244337494405242,-7.995286591359461e-05,0.008645901501238546,1.1841021174154038e-05,,,90.0,False,1.0560267397795298,0.002106973766142204,1.0278486159580535,,123530.0,123685.0,2382,DL1_datacheck_20250926.h5,/fefs/onsite/data/lst-pipe/LSTN-01/DL1/20250926/v0.11/tailcut1005/dl1_LST-1.Run22049.0078.h5,/fefs/onsite/data/lst-pipe/LSTN-01/DL2/20250926/v0.11/tailcut1005/nsb_tuning_0.38/dl2_LST-1.Run22049.h5,/fefs/onsite/data/lst-pipe/LSTN-01/DL3/20250926/v0.11/tailcut1005/nsb_tuning_0.38/0.10.18/std/20250212_v0.10.17_allsky_interp_dl2_irfs_nsb_0.38/src_indep/point/ring-wobble/gheff0.7_thetacont0.7/irf_interp/dl3_LST-1.Run22049.fits,61.97889933459798,43.52000045776367,2025-09-26 19:48:27,22.94087742262294,10.0,5.0,2.1152179796222246,70.2083392780299,9.79886401758527,0.0022259574790976532,0.4186679500918203,2.6689029372839874,2.135680985464054,0.004235621614503101,4.7525528853905906e-07,4104.612302662042,2336.063089223638,47.47179924909396,22.375818409051327,0.6255493967759033,0.013245752160333352,-2.5175317761237546,0.1295549530779299,42.23064143869177,34.71153285487873,1.6141116568766507,0.031092320921153885,-2.1989369813987607,0.47666122997540455,407.82403896920545,0.9390553624271618,0.20737082596828424,0.016408381999259408,0.08284689498675753,0.01874850179948954,1.0486390175437383,0.09808555439545105,2052.012902000421,15.433810491335494,1.2556032663102632,10.895186041530653,791.2621778788323,29.938589315494635,12.625678048018816,14.421314485005094,12.530822279300482,0.08738902361529707,0.5110835354229456,0.0,5.589319644312291,0.9738124981554853,0.5351332744101603,,0.3830982424619731,ly_b3,1.0278486159580535,
22050,88,2025-09-27 01:34:50.546208,1204.3598396778107,1204.3598396778107,62.12595694061684,59.96670175235495,64.23132789426211,79.09226527028187,83.25521426493978,21.79437136152398,4884449,0.9564981095276802,0.013303908301640554,0.9501478294074299,1.0510485976018533e-05,0.002003376956924715,2.9518217069471662e-06,105.28670999778019,0.05803236982309745,84.0,False,0.9388013730440207,9.49565120979372e-06,0.009563510547483537,1.3777530265561008e-05,,,84.0,False,1.045568512961441,0.0017333570696268718,1.0587985429383289,,116271.0,116439.0,2718,DL1_datacheck_20250926.h5,/fefs/onsite/data/lst-pipe/LSTN-01/DL1/20250926/v0.11/tailcut1005/dl1_LST-1.Run22050.0085.h5,/fefs/onsite/data/lst-pipe/LSTN-01/DL2/20250926/v0.11/tailcut1005/nsb_tuning_0.38/dl2_LST-1.Run22050.h5,/fefs/onsite/data/lst-pipe/LSTN-01/DL3/20250926/v0.11/tailcut1005/nsb_tuning_0.38/0.10.18/std/20250212_v0.10.17_allsky_interp_dl2_irfs_nsb_0.38/src_indep/point/ring-wobble/gheff0.7_thetacont0.7/irf_interp/dl3_LST-1.Run22050.fits,63.13267037319682,43.52000045776367,2025-09-26 19:48:27,27.874043059383162,10.0,5.0,2.048016680712358,70.089857206131,9.778334857335032,0.0020729697347640946,0.4173388600958132,2.5941756445017403,2.073316932229155,0.0038854031158870295,6.955828111287685e-05,4055.6392193438496,2695.742495754873,48.23972498323318,24.231880605018013,0.8000807711222755,0.014014221748514136,-2.481854695565415,0.10655284233513614,42.74434881282994,35.54845662388012,1.6486121120818449,0.026206824674177943,-2.217929319001873,0.5322102581659982,411.851201054584,0.9564981095276802,0.20427611626138614,0.017180195010180827,0.0794973935415416,0.018303344339227774,1.0447306885294696,0.09725491468423915,2055.161020068684,15.324614697248474,1.293499255009005,10.991661459460499,791.1737052873747,32.997844440286876,10.178538483427477,12.281835469765461,10.312490771904983,0.08000000000000002,0.5960188552351543,0.0,5.939274495162286,0.943225004485945,0.5044580732286603,,0.41497950150455976,ly_b3,1.0587985429383289,
22051,91,2025-09-27 01:55:14.616814,1202.9633929729462,1202.9633929729462,58.17101316299274,56.003121642914735,60.27191047765449,80.32335046594831,83.96532157615428,22.251558849532373,5054626,0.9666644254907366,0.012569443253688506,0.9475527381383941,2.5060303342097223e-05,0.0016922688298330686,2.4445802016186656e-06,326.2487502994524,0.0,87.0,False,0.9645902978817235,2.0359622214450498e-05,0.010058700935168436,1.4484392711956969e-05,,,87.0,False,1.0390769128552477,0.0015783290330432247,1.0238984250864032,,116119.0,116215.0,3008,DL1_datacheck_20250926.h5,/fefs/onsite/data/lst-pipe/LSTN-01/DL1/20250926/v0.11/tailcut1005/dl1_LST-1.Run22051.0041.h5,/fefs/onsite/data/lst-pipe/LSTN-01/DL2/20250926/v0.11/tailcut1005/nsb_tuning_0.38/dl2_LST-1.Run22051.h5,/fefs/onsite/data/lst-pipe/LSTN-01/DL3/20250926/v0.11/tailcut1005/nsb_tuning_0.38/0.10.18/std/20250212_v0.10.17_allsky_interp_dl2_irfs_nsb_0.38/src_indep/point/ring-wobble/gheff0.7_thetacont0.7/irf_interp/dl3_LST-1.Run22051.fits,63.57085051535289,43.52000045776367,2025-09-26 19:48:27,31.82898683700726,10.0,5.0,2.013053887831565,70.26350290769705,9.781396591255966,0.002110117595198686,0.41608246496940376,2.5630543844363145,2.048192467561456,0.0040271958216621054,2.3047674559710595e-05,4201.811983246006,2894.970055068268,48.61907306519642,24.58354912519503,0.9256659619679641,0.015639502442980676,-2.454584396718766,0.10294362819019554,43.02971136643653,36.00375193278083,1.669578390711415,0.02565703339466474,-2.229930878243325,0.5091712163376502,414.2160219093421,0.9666644254907366,0.2027382904352914,0.016838455903808263,0.07800848013930178,0.0185649548989721,1.0352140995550603,0.09711723467798362,2046.0309327247298,15.13905583577678,1.2740422756877463,11.105464610663393,791.0552916529738,27.073129412646928,12.254311031324125,14.446362879120267,12.295864589792034,0.08000000000000002,0.6699999999999999,0.0,6.278590421519166,0.9765451655378948,0.46627939522384754,,0.3872105624511043,ly_b3,1.0238984250864032,
22052,92,2025-09-27 02:15:36.057211,1204.3874731063843,1204.3874731063843,53.293127759164,51.10647526824837,55.42167766289499,83.14278738810454,83.26218830894533,21.79122242325138,5111883,0.9748489582842491,0.01216186899789212,0.9808649420877792,-3.786947465920789e-06,0.001444423407108504,2.7000124308459724e-06,155.34766910619368,1.270351647042478e-05,88.0,False,0.9953510657006134,1.4384116522017573e-05,0.00913721972195663,1.3154116582488046e-05,,,88.0,False,1.0218611434867173,0.0014213027649299817,0.9961175327672827,,116199.0,116288.0,3233,DL1_datacheck_20250926.h5,/fefs/onsite/data/lst-pipe/LSTN-01/DL1/20250926/v0.11/tailcut1005/dl1_LST-1.Run22052.0039.h5,/fefs/onsite/data/lst-pipe/LSTN-01/DL2/20250926/v0.11/tailcut1005/nsb_tuning_0.38/dl2_LST-1.Run22052.h5,/fefs/onsite/data/lst-pipe/LSTN-01/DL3/20250926/v0.11/tailcut1005/nsb_tuning_0.38/0.10.18/std/20250212_v0.10.17_allsky_interp_dl2_irfs_nsb_0.38/src_indep/point/ring-wobble/gheff0.7_thetacont0.7/irf_interp/dl3_LST-1.Run22052.fits,63.86465888999905,43.52000045776367,2025-09-26 19:48:27,36.706872240836,10.0,5.0,1.9581641656651834,71.00185743797795,9.807498318183162,0.002105117326648066,0.415941282711071,2.4801463711769625,1.9803988184599233,0.0029350319414733197,1.2900020828163887e-05,4244.3840658814825,3061.955626695775,48.87200399546134,24.43076603441112,1.0602831235263666,0.01743554492436913,-2.4085425980971826,0.10000067213975689,43.51472185796269,36.533219255714265,1.6865670404930941,0.025184657731943907,-2.2269226864937073,0.4760579359994252,416.1236068525191,0.9748489582842491,0.20126770336726715,0.016888593522245463,0.07602924701839371,0.01862200344424795,1.0272150686167945,0.09739578779445547,2044.1240204492087,15.287208718614204,1.2869615807739505,12.007761946908486,791.0000131159198,21.63036131254899,12.245177312193473,14.000217122874433,12.456462040670438,0.06154915951354594,0.637229539016905,0.0,6.618042703915661,1.0040640895069155,0.4930779949220934,,0.41126421838734395,ly_b3,0.9961175327672827,
22053,95,2025-09-27 02:35:57.818850,1208.0143721103668,1208.0143721103668,49.30184892352347,47.105830537822705,51.43422452293032,84.3766792198022,83.97103641772058,22.24910695627276,5293068,0.9750672069635925,0.01222162022425185,0.9752422012862763,-4.294162193772855e-07,0.0017642207997040687,2.831890897486454e-06,157.6402036812569,1.8445438797809466e-05,91.0,False,0.9917367762484662,9.872506202059658e-06,0.008507201229784657,1.2219780818051481e-05,,,91.0,False,1.0256562662943076,0.0014165381658101616,1.0023798617874575,,116396.0,116509.0,3492,DL1_datacheck_20250926.h5,/fefs/onsite/data/lst-pipe/LSTN-01/DL1/20250926/v0.11/tailcut1005/dl1_LST-1.Run22053.h5,/fefs/onsite/data/lst-pipe/LSTN-01/DL2/20250926/v0.11/tailcut1005/nsb_tuning_0.38/dl2_LST-1.Run22053.h5,/fefs/onsite/data/lst-pipe/LSTN-01/DL3/20250926/v0.11/tailcut1005/nsb_tuning_0.38/0.10.18/std/20250212_v0.10.17_allsky_interp_dl2_irfs_nsb_0.38/src_indep/point/ring-wobble/gheff0.7_thetacont0.7/irf_interp/dl3_LST-1.Run22053.fits,63.71758535530148,43.52000045776367,2025-09-26 19:48:27,40.69815107647653,10.0,5.0,1.9241622583065872,70.68541936121862,9.779524531346677,0.002187427991058454,0.41694737508589286,2.4551484902893543,1.960095064393623,0.003241454679946681,1.0467444453208449e-05,4381.626677796193,3145.9931998663233,48.69775742863392,23.91669215942224,1.1477403416934975,0.01921778689016924,-2.3818920239960892,0.10151626074777977,43.973319193330504,36.2540367777188,1.6866201123569762,0.02561493005048845,-2.2312247936642966,0.4534308584712691,416.1556636061285,0.9750672069635925,0.20106923113999314,0.017174001912143293,0.07533957405954103,0.018783374314763682,1.0262129917640754,0.09748973104950678,2056.6643159565597,15.476402700654136,1.3088741989171293,11.891891923389483,791.0229713715233,19.482644281282745,4.982613093026059,6.67876453620215,5.168256683663195,0.059999999999999984,0.8246344321890765,0.0,6.957924583919654,0.9969397395860481,0.4734780606714309,,0.38998010632318597,ly_b3,1.0023798617874575,
22054,126,2025-09-27 02:56:25.993881,1581.312961101532,1581.312961101532,43.66918775598427,40.79828285448396,46.529958892875506,87.7904704488322,83.26731349429741,21.788776723385016,7085264,0.9802961428893859,0.011749545064439685,0.9813164073105812,-2.8987359822574804e-06,0.0016122461910887517,1.6384408381853359e-06,348.55556351065957,0.0,122.0,False,1.0185541595977303,-6.1892193022912064e-06,0.007674671758892669,8.445592328690492e-06,,,122.0,False,1.0214073609926326,0.0011850782226053916,0.9864925091015633,,152045.0,152323.0,4802,DL1_datacheck_20250926.h5,/fefs/onsite/data/lst-pipe/LSTN-01/DL1/20250926/v0.11/tailcut84/dl1_LST-1.Run22054.0062.h5,/fefs/onsite/data/lst-pipe/LSTN-01/DL2/20250926/v0.11/tailcut84/nsb_tuning_0.22/dl2_LST-1.Run22054.h5,/fefs/onsite/data/lst-pipe/LSTN-01/DL3/20250926/v0.11/tailcut84/nsb_tuning_0.22/0.10.18/std/20250212_v0.10.17_allsky_interp_dl2_irfs_nsb_0.22/src_indep/point/ring-wobble/gheff0.7_thetacont0.7/irf_interp/dl3_LST-1.Run22054.fits,58.507517621681174,43.52000045776367,2025-09-26 19:48:27,46.33081224401573,8.0,4.0,1.8995495825918023,70.86159597148155,9.787229090517961,0.002207970556090668,0.41652860036229716,2.4193306550576743,1.9301842651490804,0.0030760532624815105,5.671247412039785e-05,4480.6209613715255,3806.701233768929,44.56053981063778,29.277418270104846,1.3861513115431463,0.020233553817090855,-2.352033475194543,0.088754832519064,41.496095306595564,43.68945600719898,1.6973111729754493,0.02480193166983092,-2.2387873910835387,0.4842278382151298,417.3599310435258,0.9802961428893859,0.2007117888563905,0.01701057488367789,0.07558215470275632,0.020126970195788824,1.0162289983494326,0.09774281729461151,2035.751582759339,15.520320614588746,1.3418949200796286,11.012643516509684,790.9370061708373,20.66368871916977,5.612356698421101,6.978314290887084,5.649696781062469,0.062185282453903395,0.8109973737446082,0.0,7.350898775305749,1.0135745874836903,0.5473982048473885,,0.40866670163107294,ly_b3,0.9864925091015633,
22055,101,2025-09-27 03:23:02.862726,1203.5399527549744,1203.5399527549744,38.98419412171585,36.78300692338541,41.12843611736769,89.5034807116124,83.97561926922528,22.247342225869634,5637759,0.9779389253164175,0.011429129329709924,0.9824429956589754,-4.983024766226105e-06,0.0014284813528554251,2.0925606043824454e-06,287.9334467643994,0.0,97.0,False,1.0207264632373934,1.3189855755156155e-05,0.00769011944239109,1.1066985612709729e-05,,,97.0,False,1.0209615205240452,0.0012832431363220967,0.9722231922606157,,115565.0,115704.0,3675,DL1_datacheck_20250926.h5,/fefs/onsite/data/lst-pipe/LSTN-01/DL1/20250926/v0.11/tailcut84/dl1_LST-1.Run22055.0021.h5,/fefs/onsite/data/lst-pipe/LSTN-01/DL2/20250926/v0.11/tailcut84/nsb_tuning_0.22/dl2_LST-1.Run22055.h5,/fefs/onsite/data/lst-pipe/LSTN-01/DL3/20250926/v0.11/tailcut84/nsb_tuning_0.22/0.10.18/std/20250212_v0.10.17_allsky_interp_dl2_irfs_nsb_0.22/src_indep/point/ring-wobble/gheff0.7_thetacont0.7/irf_interp/dl3_LST-1.Run22055.fits,57.305998574516366,43.52000045776367,2025-09-26 19:48:27,51.01580587828415,8.0,4.0,1.9116480925859733,70.35096492486322,9.750181375164036,0.002263231207589286,0.41742085947670377,2.4388243477681595,1.9471432837627636,0.0030016979609502185,1.238221089887592e-05,4684.313958248611,3912.629563497918,43.6160360016288,29.585163156899483,1.4599237985276294,0.020888246125525086,-2.325863679424269,0.08694040906870643,41.59953440171933,42.6587449983645,1.6926722677597885,0.024211321876974723,-2.238881973521439,0.49265628767318165,416.8231939945043,0.9779389253164175,0.2013944025232268,0.01700272627118673,0.07576788151730586,0.019719342803562814,1.0178398314371857,0.0950833633583863,2043.7635684805634,15.677151689833273,1.3070722835358697,10.912372021835735,790.7721059544664,20.2097937893512,5.729041144323742,6.960280910668786,5.714603462787664,0.07,0.5761308718510727,0.0,7.742251497983927,1.0292634543157948,0.5455897272883949,,0.39236759787194114,ly_b3,0.9722231922606157,
22056,102,2025-09-27 03:43:24.452803,1206.401599407196,1206.401599407196,34.039762037379134,31.843886089322027,36.21875395605773,93.19773742197128,83.27116045717945,21.787935860628604,5713729,0.9809938577933711,0.01099989659991888,0.9787829231379973,4.706140385363613e-06,0.0013748298362749021,2.172770493935665e-06,207.6533516052085,7.25752347108255e-10,98.0,False,1.0181197847955654,3.7069883115882698e-06,0.007359870239151475,1.0610616306853647e-05,,,98.0,False,1.0187546126756537,0.0012383711180455757,0.9800732213572645,,115847.0,115992.0,4049,DL1_datacheck_20250926.h5,/fefs/onsite/data/lst-pipe/LSTN-01/DL1/20250926/v0.11/tailcut84/dl1_LST-1.Run22056.0078.h5,/fefs/onsite/data/lst-pipe/LSTN-01/DL2/20250926/v0.11/tailcut84/nsb_tuning_0.22/dl2_LST-1.Run22056.h5,/fefs/onsite/data/lst-pipe/LSTN-01/DL3/20250926/v0.11/tailcut84/nsb_tuning_0.22/0.10.18/std/20250212_v0.10.17_allsky_interp_dl2_irfs_nsb_0.22/src_indep/point/ring-wobble/gheff0.7_thetacont0.7/irf_interp/dl3_LST-1.Run22056.fits,56.77994070613051,43.52000045776367,2025-09-26 19:48:27,55.960237962620866,8.0,4.0,1.8969662672046663,70.73655313306004,9.773512014956706,0.002137159133007003,0.41623799084841395,2.4104647504265957,1.923372694035867,0.002865154555894271,5.400461585049838e-06,4736.174921193427,4025.240850464869,43.3013161389835,30.542572003251273,1.531686438891689,0.020840608439652585,-2.299119994802262,0.08253677095272868,41.96666488338825,41.90084412395859,1.6991475318220028,0.02310017381502071,-2.235158679341009,0.5206551132316648,417.54282927150814,0.9809938577933711,0.20138501338514664,0.01736301511778421,0.07535946341987577,0.019560381619213914,1.0136975486321382,0.09480758246125634,2046.7470045073208,15.369242011701754,1.358469490453655,11.004394538297353,790.6922479044824,19.882324736524392,6.214328081406139,7.712698828427241,6.466639775981188,-0.1649236268695101,0.18220997713853837,0.0,8.08184527437643,1.0203654555715354,0.5285976960206018,,0.40618838793754863,ly_b3,0.9800732213572645,
22057,103,2025-09-27 04:03:49.038409,1203.1089391708374,1203.1089391708374,30.039740920469473,27.868638620552495,32.17678921629012,94.94589419306614,83.97881014631649,22.246459714226813,5809569,0.9819715008271531,0.010732550114037164,0.9838703385531316,-1.6786019801453552e-06,0.0016191872066785267,2.199511003554799e-06,285.71992831598527,0.0,99.0,False,1.0375768631467146,-1.173918710913528e-05,0.006301572581898593,9.17527915268169e-06,,,99.0,False,1.0174286634357235,0.001184837900419455,0.9703400098820999,,115510.0,115410.0,4055,DL1_datacheck_20250926.h5,/fefs/onsite/data/lst-pipe/LSTN-01/DL1/20250926/v0.11/tailcut84/dl1_LST-1.Run22057.0005.h5,/fefs/onsite/data/lst-pipe/LSTN-01/DL2/20250926/v0.11/tailcut84/nsb_tuning_0.22/dl2_LST-1.Run22057.h5,/fefs/onsite/data/lst-pipe/LSTN-01/DL3/20250926/v0.11/tailcut84/nsb_tuning_0.22/0.10.18/std/20250212_v0.10.17_allsky_interp_dl2_irfs_nsb_0.22/src_indep/point/ring-wobble/gheff0.7_thetacont0.7/irf_interp/dl3_LST-1.Run22057.fits,56.91100070366496,43.52000045776367,2025-09-26 19:48:27,59.960259079530495,8.0,4.0,1.9097671489980919,69.92516464672796,9.725119547733827,0.0020927475886198597,0.41598325764395794,2.441702762069804,1.949120973113869,0.0033749195767777775,1.4722626909430007e-05,4828.7971361960435,4092.883727880591,43.43863874861661,31.179474993857394,1.576778984659478,0.02095245301875166,-2.2812258918943256,0.08089100889025501,42.45473913431855,40.58987431233293,1.701264801028766,0.022607989198252666,-2.2327614246550604,0.5272327058268949,417.7703202973833,0.9819715008271531,0.20162694040341422,0.017507791910596572,0.0758901316172194,0.020370454090521475,1.01223596200612,0.09459116830665283,2044.831583090957,15.099635093136193,1.290290987726375,11.657898772385417,790.5986709281007,18.765681559159425,8.66403798778881,9.741764227048282,8.792250776817287,-0.4777935642085205,-0.4947483186173347,0.0,8.421620167619293,1.031481107535596,0.5377637084218437,,0.3942538289560285,ly_b3,0.9703400098820999,
22060,12,2025-09-27 05:05:13.007514,563.4629065990448,404.26389152208964,17.84764532555312,16.937322299896465,18.507730469888244,108.8081640879113,83.27604184346386,21.786508917684788,570713,0.9106201242025025,0.006595337248377053,0.9689935763815817,-8.284040362895096e-06,0.0032837087405105793,2.1123233818998584e-05,11.439975306041658,0.12054569178993035,7.0,False,1.0647696399761775,1.0678846549302097e-05,0.014134939823673483,6.601548453177386e-05,,,8.0,False,1.033524299591019,0.0021876665237891106,0.9374298454925825,,55814.0,55827.0,1307,DL1_datacheck_20250926.h5,/fefs/onsite/data/lst-pipe/LSTN-01/DL1/20250926/v0.11/tailcut84/dl1_LST-1.Run22060.0007.h5,/fefs/onsite/data/lst-pipe/LSTN-01/DL2/20250926/v0.11/tailcut84/nsb_tuning_0.22/dl2_LST-1.Run22060.h5,/fefs/onsite/data/lst-pipe/LSTN-01/DL3/20250926/v0.11/tailcut84/nsb_tuning_0.22/0.10.18/std/20250212_v0.10.17_allsky_interp_dl2_irfs_nsb_0.22/src_indep/point/ring-wobble/gheff0.7_thetacont0.7/irf_interp/dl3_LST-1.Run22060.fits,206.06994752710048,43.52000045776367,2025-09-26 19:48:27,72.15235467444688,8.0,4.0,1.8738767975504609,72.56590638708299,9.959465795595545,0.0012276473317085928,0.4035639975426325,2.3815554840479347,1.9009620571769945,0.0026986915749105905,2.3554771384685764e-05,1411.7338005410638,1411.513647314752,157.45096380846087,4.985855542617908,1.5426120819277878,0.011625416702634138,-2.1302055239082285,0.06621221612135193,156.2376970309986,5.482466762854942,1.5787498690889616,0.011895850768594278,-2.114286769903676,0.5342187161272827,391.73424105800353,0.9106201242025025,0.2035870014400425,0.018796760854933862,0.07659296983297727,0.02059981516310722,1.005288722819058,0.09443547452952764,2051.11532191852,13.05705227200637,1.341197745705301,12.322791490837337,790.7099953757231,22.578447676628475,11.240256760388911,12.950576906581123,11.344373317250716,0.54,0.42000000000000004,0.0,9.330906281037684,1.066801157835739,0.3572181155186048,,0.40327604465576844,ly_b3,0.9374298454925825,
22326,39,2025-10-14 00:32:25.594500,353.4750952720642,353.4750952720642,63.14224448434691,62.51607141674759,63.75689896172159,78.07479309578643,83.96133945690715,22.253137099748642,2190266,0.9573533753126108,0.019971419807759478,0.9564065796548717,1.3982553801067566e-05,0.004823861651728682,2.410413593383453e-05,37.536071950698364,0.353676729622566,35.0,False,0.9494045225500652,-0.00028182504341600975,0.014577946932491335,7.046991275177721e-05,,,35.0,False,1.0429635516991564,0.003763161738766599,1.1110166088492,,33557.0,33607.0,897,DL1_datacheck_20251013.h5,/fefs/onsite/data/lst-pipe/LSTN-01/DL1/20251013/v0.11/tailcut1005/dl1_LST-1.Run22326.0037.h5,/fefs/onsite/data/lst-pipe/LSTN-01/DL2/20251013/v0.11/tailcut1005/nsb_tuning_0.50/dl2_LST-1.Run22326.h5,/fefs/onsite/data/lst-pipe/LSTN-01/DL3/20251013/v0.11/tailcut1005/nsb_tuning_0.50/0.10.18/std/20250212_v0.10.17_allsky_interp_dl2_irfs_nsb_0.50/src_indep/point/ring-wobble/gheff0.7_thetacont0.7/irf_interp/dl3_LST-1.Run22326.fits,61.97889933459802,41.709999084472656,2025-10-13 20:13:43,26.8577555156531,10.0,5.0,2.319369356836902,72.26737255334143,10.046916233906988,0.0012635513833709339,0.40647850139595204,2.9203267394913035,2.3377269457908603,0.006791189174340631,2.083746215578141e-07,6196.379969327646,2706.719689158294,47.38340636619401,24.410920558187115,0.7706924499501192,0.02016282411697487,-2.482755200238678,0.1587672493391798,42.01029413779388,35.94205530811087,1.6512278767287136,0.03914640810772715,-2.208274530853073,0.39148688395990633,412.09706574325094,0.9573533753126108,0.21430825482943025,0.018039854485643804,0.09090192991484057,0.018278818224545385,1.0331903696266032,0.10124200776174784,1993.6116136692465,11.846193321347394,1.3262736204751744,13.296753585764217,785.9963647491888,28.577969934237824,16.73322092595936,18.79496045720927,16.69254407669507,0.039999999999999994,0.6442644565591741,0.0,4.3595464118922,0.8991023770386702,0.43112466411484074,,0.3852416775398105,ly_b3,1.1110166088492,
22327,29,2025-10-14 00:38:29.493703,874.5780901908875,874.5780901908875,60.45975524305874,58.94915842099324,62.49359070718593,79.85353291501897,83.26241649082559,21.79431413686807,1512452,0.8816600745842516,0.010421625985225225,0.8463415662971423,8.505388560835886e-05,0.0030438093453571072,5.352008580647131e-06,469.9874311631813,0.0,25.0,False,0.7136411679433793,-5.007497897170591e-05,0.038819492083824625,0.00011101969086623899,,,25.0,False,1.1329061022978513,0.002990955302152211,1.4457010630760248,,85790.0,85815.0,3022,DL1_datacheck_20251013.h5,/fefs/onsite/data/lst-pipe/LSTN-01/DL1/20251013/v0.11/tailcut1206/dl1_LST-1.Run22327.0013.h5,/fefs/onsite/data/lst-pipe/LSTN-01/DL2/20251013/v0.11/tailcut1206/nsb_tuning_0.81/dl2_LST-1.Run22327.h5,/fefs/onsite/data/lst-pipe/LSTN-01/DL3/20251013/v0.11/tailcut1206/nsb_tuning_0.81/0.10.18/std/20250212_v0.10.17_allsky_interp_dl2_irfs_nsb_0.81/src_indep/point/ring-wobble/gheff0.7_thetacont0.7/irf_interp/dl3_LST-1.Run22327.fits,172.5771713272212,41.709999084472656,2025-10-13 20:13:43,29.540244756941245,12.0,6.0,2.647525358540128,72.08475525854101,10.203766741357892,0.0011418466259691487,0.40816546263223663,3.315084235621197,2.665088220785075,0.015898780791307528,5.598233532018492e-05,1729.3504341846578,949.7516680513965,132.9949440012037,5.4511549726858375,0.6925347757240989,0.00851365842180045,-2.49189022207822,0.07613966245998675,117.73248077329703,7.965953524059494,1.4846808065534427,0.015118413191136286,-2.2490886929315486,0.443857067191096,393.323792572108,0.8816600745842516,0.22489274844600082,0.020174434970455284,0.10096595967271528,0.019114024568158413,1.0122887112217154,0.10703904756775914,1902.1879222751986,9.939869658493167,1.4083852741868732,13.187964690279083,785.9052599089349,29.539822374019582,16.28667387203873,18.079871703606848,16.41045248744418,0.04,0.6876805285785191,0.0,4.533314966663612,0.6510067786627003,0.4979898216962784,,0.4093914021513946,ly_b3,1.4457010630760248,
22569,72,2025-10-21 01:01:42.218590,682.3564722537994,682.3564722537994,49.76887627092131,48.533041663904605,50.99790867388356,84.7934951170285,83.26443913271571,21.789877905730197,4057167,0.9868758117074522,0.017170836805337774,0.9687897038796444,3.817995002314577e-05,0.0031805994337765864,7.58242179619916e-06,437.45650633529243,0.0,68.0,False,1.0014617198321452,7.488322507419182e-05,0.013659282987841808,3.7221560707615905e-05,,,67.0,False,1.0187394903973512,0.0029125003407420883,0.9742525590738793,,64158.0,64041.0,1869,DL1_datacheck_20251020.h5,/fefs/onsite/data/lst-pipe/LSTN-01/DL1/20251020/v0.11/tailcut84/dl1_LST-1.Run22569.0009.h5,/fefs/onsite/data/lst-pipe/LSTN-01/DL2/20251020/v0.11/tailcut84/nsb_tuning_0.22/dl2_LST-1.Run22569.h5,/fefs/onsite/data/lst-pipe/LSTN-01/DL3/20251020/v0.11/tailcut84/nsb_tuning_0.22/0.10.18/std/20250212_v0.10.17_allsky_interp_dl2_irfs_nsb_0.22/src_indep/point/ring-wobble/gheff0.7_thetacont0.7/irf_interp/dl3_LST-1.Run22569.fits,54.59753649372777,40.619998931884766,2025-10-19 20:05:44,40.23112372907869,8.0,4.0,1.8937578238590855,71.30533145471155,9.84061066961903,0.0014884827849898827,0.40774455129444936,2.3825322812226486,1.9043375631588257,0.0024670071841028226,5.364559083133765e-06,5945.817420913911,3925.121412204919,40.770796523682414,34.11862213335308,1.3315167081940484,0.025896838338998817,-2.369718544192003,0.11382707098623177,36.72986887097694,51.725206145115905,1.7902345465374123,0.03484069519357298,-2.2157469244300243,0.4295246470021783,417.1195776164624,0.9868758117074522,0.20053424537999978,0.017587500036225116,0.07472546557580402,0.021586280758046198,1.0246303332712545,0.09422888172651613,2055.518278636487,13.12513174903259,1.3058225429221744,11.479283670589744,789.5933814842832,73.92581460955873,11.816220056868477,13.420645750088013,11.837831157285688,0.2,0.85,0.0,29.026496673137288,1.021582718215189,0.5652772391317346,,0.4102671118011334,ly_b3,0.9742525590738793,
22598,90,2025-10-21 23:28:16.883586,1202.2716715335846,1202.2716715335846,68.6205702704029,66.5004971336013,70.72229471943344,75.55243539732454,83.95417953503288,22.25662095761821,5016719,0.9681647535893355,0.016920822580487424,0.9636791440205852,2.1109252580912567e-06,0.002769221774204993,3.5409949705871868e-06,140.2314109655034,0.0002009163047572704,86.0,False,1.4112652873399845,-0.00045727451135884185,0.04330532418654672,5.815900675865461e-05,,,72.0,False,1.0363406600359537,0.0021076030124717346,0.9254689305312578,,116085.0,116097.0,2144,DL1_datacheck_20251021.h5,/fefs/onsite/data/lst-pipe/LSTN-01/DL1/20251021/v0.11/tailcut1005/dl1_LST-1.Run22598.h5,/fefs/onsite/data/lst-pipe/LSTN-01/DL2/20251021/v0.11/tailcut1005/nsb_tuning_0.38/dl2_LST-1.Run22598.h5,/fefs/onsite/data/lst-pipe/LSTN-01/DL3/20251021/v0.11/tailcut1005/nsb_tuning_0.38/0.10.18/std/20250212_v0.10.17_allsky_interp_dl2_irfs_nsb_0.38/src_indep/point/ring-wobble/gheff0.7_thetacont0.7/irf_interp/dl3_LST-1.Run22598.fits,62.55312479632594,40.20000076293945,2025-10-23 21:42:31,21.37942972959711,10.0,5.0,2.133138427816863,73.07079226154252,10.063854821652159,0.001788419092315825,0.41132866229437104,2.7053026388951107,2.168149220088225,0.0047610891558253305,8.0688363693245e-06,4172.699996832506,2227.3193849641466,47.815764600153585,21.299466283507144,0.5963276528399518,0.012357008615462984,-2.4750676926436737,0.12671690266458907,42.63209458039651,34.29423126587171,1.6767549206601355,0.031841241518019495,-2.13787807775412,0.5069714852559976,414.7910979546061,0.9681647535893355,0.2028783171406809,0.01621079448934223,0.08063218797595317,0.02089305874784116,1.0445899476746816,0.09630396897626264,2044.2530018863777,14.058113229277348,1.3952699179133812,13.01442633811472,790.5250181938553,82.93607207170108,20.799306135092383,29.601741834330838,21.12051166694877,0.86,1.3499999999999999,12.0,-46.07209717901602,1.1053668841901196,0.47559355106560075,,0.3821858434416669,ly_b3,0.9254689305312578,
22599,49,2025-10-21 23:48:35.564014,661.4561004638672,657.5505881905556,64.81699078517343,63.66793018288141,65.95090929932216,77.85717269416465,83.25264613934112,21.795572145167927,2702869,0.9767883094575451,0.013519464236611973,0.9873045651404387,-1.3541283458857694e-05,0.003367409646283776,8.203970612781435e-06,103.2543667932134,1.7910271240539899e-06,45.0,False,0.9873273570676194,-2.5484655483341213e-06,0.017351234198979444,4.5860253633546956e-05,,,45.0,False,1.017408600630363,0.0021488514275720657,1.0136873828875839,,63279.0,63415.0,1345,DL1_datacheck_20251021.h5,/fefs/onsite/data/lst-pipe/LSTN-01/DL1/20251021/v0.11/tailcut1005/dl1_LST-1.Run22599.0022.h5,/fefs/onsite/data/lst-pipe/LSTN-01/DL2/20251021/v0.11/tailcut1005/nsb_tuning_0.38/dl2_LST-1.Run22599.h5,/fefs/onsite/data/lst-pipe/LSTN-01/DL3/20251021/v0.11/tailcut1005/nsb_tuning_0.38/0.10.18/std/20250212_v0.10.17_allsky_interp_dl2_irfs_nsb_0.38/src_indep/point/ring-wobble/gheff0.7_thetacont0.7/irf_interp/dl3_LST-1.Run22599.fits,63.27839380158639,40.20000076293945,2025-10-23 21:42:31,25.18300921482657,10.0,5.0,2.0752967729100287,73.10852193360367,10.04050674280158,0.0021405632289451266,0.4152218901237763,2.616189083005895,2.0948516728559494,0.003648655274848697,4.3286249926228325e-05,4110.51111282212,2547.332524801258,48.31319105888489,23.10570754084697,0.7368706285150992,0.01283841888413761,-2.4788841975158205,0.10632400535863502,42.88210922899596,34.53430318674244,1.6921382494805028,0.026846287140595403,-2.1860783397363783,0.5638629973673606,416.61839777488314,0.9767883094575451,0.2017720582979091,0.016664936980773898,0.07876319566815282,0.02083509164799838,1.044529346587865,0.09429878616498709,2050.8896677412986,15.304825490678628,1.3054529822277343,12.94274838230893,790.4606199527357,83.19381570055859,19.61152358385911,28.131565545315645,20.481686027123438,0.86,1.35,12.0,-45.80829794356439,0.9835838137065374,0.5143106129801147,,0.4163485344047445,ly_b3,1.0136873828875839,
22740,123,2025-10-30 01:22:53.288615,956.6900794506073,956.6900794506073,37.327393831642446,35.585139245774045,39.06510420371465,90.40984474745989,83.97674158054691,22.246656521003906,7011778,0.9733847304884553,0.013728586707514687,0.9676616183314263,1.9136532421228478e-05,0.0014856046729112167,2.5518785547371884e-06,221.3784749789466,3.721360120056971e-08,119.0,False,1.0163446371496532,-2.368384061849142e-05,0.008394997553690279,1.527043990880096e-05,,,119.0,False,1.0238393647219193,0.0014255083392189856,0.9949643806092315,,89932.0,90073.0,3006,DL1_datacheck_20251029.h5,/fefs/onsite/data/lst-pipe/LSTN-01/DL1/20251029/v0.11/tailcut84/dl1_LST-1.Run22740.0105.h5,/fefs/onsite/data/lst-pipe/LSTN-01/DL2/20251029/v0.11/tailcut84/nsb_tuning_0.22/dl2_LST-1.Run22740.h5,/fefs/onsite/data/lst-pipe/LSTN-01/DL3/20251029/v0.11/tailcut84/nsb_tuning_0.22/0.10.18/std/20250212_v0.10.17_allsky_interp_dl2_irfs_nsb_0.22/src_indep/point/ring-wobble/gheff0.7_thetacont0.7/irf_interp/dl3_LST-1.Run22740.fits,50.36490103876884,42.709999084472656,2025-10-29 23:30:53,52.672606168357554,8.0,4.0,1.9088422975889758,73.73756887932967,10.052714379745904,0.0011892677681612325,0.4045218371213514,2.457341390075899,1.9615669421174051,0.003777099073442261,4.4169879311744494e-05,7329.205299198474,4277.048636638711,38.41202638555941,34.84592204781212,1.4753193822704616,0.025316896816085892,-2.330293443815232,0.10415406620725612,36.87252344290642,49.50326422235857,1.6828222159837156,0.028849722120488783,-2.2515818976788964,0.5172275323466269,415.7505458276338,0.9733847304884553,0.20284347734207045,0.016553276301009563,0.07809061928061024,0.021421818304049472,1.0214977101684686,0.09540142597980868,2078.2333308744237,11.825656908313347,1.4291163270809648,5.562723273305608,787.2693230596567,88.81727004468462,3.860849107406871,4.421270540945819,3.745969357636022,0.07000000000000002,0.6995816977914824,14.874509337444728,1.998587389562959,1.00568746815233,0.5496202936877095,,0.39281048967111676,ly_b3,0.9949643806092315,
22741,116,2025-10-30 01:41:02.166549,878.2607314586639,878.2607314586639,33.48591573903057,31.89383958238568,35.07867883263978,92.66676905342777,83.97809599864308,22.24628574647493,6638202,0.9744105464018531,0.013428501380280605,0.9703297553317751,2.8666373699591756e-06,0.0016365929407323187,3.603885154688012e-06,340.2898171264835,0.0,112.0,False,1.0128422734186477,-1.782809300420019e-05,0.00877001486224325,1.7374043499897298e-05,,,112.0,False,1.0292540588114187,0.0014532281767086783,0.9949663163196327,,82615.0,82652.0,2779,DL1_datacheck_20251029.h5,/fefs/onsite/data/lst-pipe/LSTN-01/DL1/20251029/v0.11/tailcut84/dl1_LST-1.Run22741.0035.h5,/fefs/onsite/data/lst-pipe/LSTN-01/DL2/20251029/v0.11/tailcut84/nsb_tuning_0.22/dl2_LST-1.Run22741.h5,/fefs/onsite/data/lst-pipe/LSTN-01/DL3/20251029/v0.11/tailcut84/nsb_tuning_0.22/0.10.18/std/20250212_v0.10.17_allsky_interp_dl2_irfs_nsb_0.22/src_indep/point/ring-wobble/gheff0.7_thetacont0.7/irf_interp/dl3_LST-1.Run22741.fits,50.0,42.709999084472656,2025-10-29 23:30:53,56.51408426096943,8.0,4.0,1.9099791656968497,73.76378210949254,10.059300943012602,0.0012549441833790576,0.40645432164892825,2.4599611901738836,1.9630853920083533,0.003866619639248494,4.6465672871327114e-05,7558.3500004319985,4400.032771113233,37.85103498206538,36.60763741334978,1.5241910224654,0.026101014843261827,-2.3333366085199603,0.10391529111965274,36.73679911783367,49.903513799565694,1.6834779991932782,0.028822488818337627,-2.271746414673073,0.5175814071394792,415.9081387609388,0.974410546401853,0.20313181298209937,0.01679020310394117,0.078215843469158,0.019635858529638693,1.0193969005557049,0.09498829901736501,2072.796468058412,12.147447450529288,1.5869730399520154,5.451592523651633,787.1690051229898,88.82520058185781,3.9103243397162832,4.74134540347799,3.893727614233199,0.07,0.7487910322533141,13.675859680925011,2.2901643047780857,1.0049598034598253,0.4971217162498652,,0.393614569005994,ly_b3,0.9949663163196327,
22742,181,2025-10-30 01:55:58.757952,1371.9982914924622,1369.189917832613,29.310226837482492,26.819501771977052,31.79516883041257,95.47422906618442,83.97950373589957,22.246015867820788,10326946,0.9783629740196528,0.013186810663514067,0.9766177705332911,4.713458221102196e-06,0.0013740582100236535,1.5880417986529316e-06,401.25846502189927,0.0,177.0,False,1.0103858346273868,7.533540318194667e-06,0.007302113430798436,9.246704847685896e-06,,,177.0,False,1.020584083062941,0.0011049976720307636,0.9847185587179129,,128448.0,128481.0,4344,DL1_datacheck_20251029.h5,/fefs/onsite/data/lst-pipe/LSTN-01/DL1/20251029/v0.11/tailcut84/dl1_LST-1.Run22742.0032.h5,/fefs/onsite/data/lst-pipe/LSTN-01/DL2/20251029/v0.11/tailcut84/nsb_tuning_0.22/dl2_LST-1.Run22742.h5,/fefs/onsite/data/lst-pipe/LSTN-01/DL3/20251029/v0.11/tailcut84/nsb_tuning_0.22/0.10.18/std/20250212_v0.10.17_allsky_interp_dl2_irfs_nsb_0.22/src_indep/point/ring-wobble/gheff0.7_thetacont0.7/irf_interp/dl3_LST-1.Run22742.fits,50.0,42.709999084472656,2025-10-29 23:30:53,60.689773162517504,8.0,4.0,1.9205297335513787,73.85660609415807,10.061558036150224,0.0013478597831063151,0.40539524577894565,2.4667565391956443,1.970247382525258,0.003799356387864682,3.7205634545281046e-05,7542.376602032864,4537.906625718804,37.5410016894753,38.73849649463857,1.5760504857105955,0.025933533717178707,-2.2941606243732546,0.10012731859494524,36.73564760414632,49.87895781879364,1.6931271407321102,0.027859952663529815,-2.2482032961285614,0.534854152346066,416.8975960606425,0.9783629740196528,0.20394710846108996,0.01791143432206658,0.07902347516075763,0.021060743098269993,1.0149019877814547,0.09464086852933193,2065.461781500623,12.197147955326113,1.4168898907782426,5.673961738863268,787.0557259987056,81.65704024773416,3.560688622810615,4.099339331403932,3.550184029040166,0.07401820921436886,0.79,10.034140251611616,2.607845414317979,1.0151751536483609,0.5181927875097065,,0.39451997585231224,ly_b3,0.9847185587179129,
22743,150,2025-10-30 02:19:09.150409,1175.7689526081085,1175.7689526081085,24.174563782153637,22.076064944117988,26.272551805356805,100.88362697992225,83.27420635138051,21.787014991367855,8559733,0.982429809172623,0.014209562993971426,0.9857705589423416,-5.129191208709822e-06,0.001693830654456452,2.341860106294618e-06,389.61709507267085,0.0,146.0,False,1.0161791903012245,-5.056139372200787e-08,0.007457334387258786,1.1012069026983088e-05,,,146.0,False,1.0175307411681547,0.0012993573155209088,0.9841070113837547,,110639.0,110640.0,3737,DL1_datacheck_20251029.h5,/fefs/onsite/data/lst-pipe/LSTN-01/DL1/20251029/v0.11/tailcut84/dl1_LST-1.Run22743.0034.h5,/fefs/onsite/data/lst-pipe/LSTN-01/DL2/20251029/v0.11/tailcut84/nsb_tuning_0.22/dl2_LST-1.Run22743.h5,/fefs/onsite/data/lst-pipe/LSTN-01/DL3/20251029/v0.11/tailcut84/nsb_tuning_0.22/0.10.18/std/20250212_v0.10.17_allsky_interp_dl2_irfs_nsb_0.22/src_indep/point/ring-wobble/gheff0.7_thetacont0.7/irf_interp/dl3_LST-1.Run22743.fits,50.0,42.709999084472656,2025-10-29 23:30:53,65.82543621784637,8.0,4.0,1.927048741029109,73.7742634506223,10.046897545817858,0.0012279555138895166,0.4053661996732281,2.4460300828674204,1.9527437370898877,0.002977109882547444,2.341595519767975e-05,7280.114839750336,4703.221655694759,37.64286997379521,41.87550495375102,1.6266437428185871,0.028799992948863103,-2.2714870247816763,0.10765586952193013,37.109542517606016,49.95569505406259,1.7022945450230111,0.0301458711477746,-2.2412153803997077,0.46224404995840634,417.878986239097,0.982429809172623,0.20363552017222453,0.01686745118010158,0.07793060386428875,0.01993303534657993,1.0148289312570042,0.0942949690683258,2072.5885872505028,12.21779008137828,1.282778416424232,5.85848418834921,786.9136953797895,67.54356637079687,3.850304416469738,4.792503159729303,4.024259356010832,0.12,0.7690936947872495,0.0,2.966748331193956,1.0158396033171413,0.5069057332904222,,0.4043844629998865,ly_b3,0.9841070113837547,
22825,66,2025-11-10 22:21:56.094307,571.5823724269867,568.684164484342,67.11732768766439,66.14377542243707,68.1184798635164,76.25299136771012,83.95701499453328,22.25542534900333,3758297,0.9339933535606886,0.024230348916537088,0.9458251439259052,6.452742713181936e-06,0.0037028788562630103,8.868177207728826e-06,456.9343013741832,0.0,62.0,False,0.9326320135388523,0.00010087913191238937,0.03547878085772232,0.00012208704390658383,,,62.0,False,1.0552479403826,0.004066052812403028,1.0407933243516263,,52958.0,52946.0,982,DL1_datacheck_20251110.h5,/fefs/onsite/data/lst-pipe/LSTN-01/DL1/20251110/v0.11/tailcut1005/dl1_LST-1.Run22825.0060.h5,/fefs/onsite/data/lst-pipe/LSTN-01/DL2/20251110/v0.11/tailcut1005/nsb_tuning_0.38/dl2_LST-1.Run22825.h5,/fefs/onsite/data/lst-pipe/LSTN-01/DL3/20251110/v0.11/tailcut1005/nsb_tuning_0.38/0.10.18/std/20250212_v0.10.17_allsky_interp_dl2_irfs_nsb_0.38/src_indep/point/ring-wobble/gheff0.7_thetacont0.7/irf_interp/dl3_LST-1.Run22825.fits,58.64256522863325,42.77999877929688,2025-11-10 19:20:47,22.882672312335608,10.0,5.0,2.029419715321782,71.33985843315139,9.880159559397445,0.0019382939649293296,0.41233555950516554,2.5726780787480745,2.0721483263948124,0.006344967431566973,6.51206809406326e-05,6608.7597206225355,2415.1789090969437,44.189492714041506,24.11564881147279,0.6250580896864968,0.016348989952730257,-2.5045485022379217,0.16344883263368537,39.305999565537185,37.340412418912834,1.6163777886610056,0.038427903288878525,-2.1854519596238653,0.48118523377224287,406.5224235200961,0.9339933535606886,0.1978274510261774,0.016572302830242393,0.07520820652654017,0.019960165392107918,1.0501968616925068,0.08837182454024918,2065.4844983778544,13.915657615131499,1.3373707421497887,6.705159364799624,786.8350783617491,24.467445514890386,10.460245251030493,12.527908266502456,10.30743628539514,0.029999999999999995,0.78,0.0,3.0975680534943804,0.9461170611043506,0.43022285441425206,,0.3834954456561133,ly_b3,1.0407933243516263,
22826,62,2025-11-10 22:34:41.260094,511.33552169799805,511.33552169799805,64.49878329338291,63.59835444212464,65.39849918490853,77.45663839093594,83.95979754502964,22.253757685277932,3542080,0.9288927152606095,inf,1.0108799065592193,-0.000523299397828916,0.05296820316799608,0.00019566553008643032,,,56.0,False,0.9217746624678828,2.3688650743670532e-05,0.05378553374011593,0.0001941241622263492,,,58.0,False,1.1367539916397262,0.006221575994915695,1.077898590696532,,42769.0,45831.0,1468,DL1_datacheck_20251110.h5,/fefs/onsite/data/lst-pipe/LSTN-01/DL1/20251110/v0.11/tailcut84/dl1_LST-1.Run22826.0019.h5,/fefs/onsite/data/lst-pipe/LSTN-01/DL2/20251110/v0.11/tailcut84/nsb_tuning_0.22/dl2_LST-1.Run22826.h5,/fefs/onsite/data/lst-pipe/LSTN-01/DL3/20251110/v0.11/tailcut84/nsb_tuning_0.22/0.10.18/std/20250212_v0.10.17_allsky_interp_dl2_irfs_nsb_0.22/src_indep/point/ring-wobble/gheff0.7_thetacont0.7/irf_interp/dl3_LST-1.Run22826.fits,53.97176364135986,42.77999877929688,2025-11-10 19:20:47,25.50121670661708,8.0,4.0,1.8419918897587517,68.58857252826269,9.539816516491156,0.0016237335369937485,0.4124979734931142,2.333414249882151,1.8798219677126857,0.003132550686344878,1.5941941282578847e-05,6927.115073558301,2839.0282669573503,45.01529108130156,26.812739047575942,0.8123994878042337,inf,-2.27953872647342,inf,39.943302786908454,39.9722293108055,1.6691818996840033,inf,-1.9902866605906238,0.5048788749726129,1347.9804719884014,0.9288927152606095,0.20493502686076198,0.025901696509092555,0.09609717454520218,0.0371052145321596,1.0365425052084074,0.10033862229401018,1948.0558705978053,13.584139536787054,1.984117022289996,7.116659030755297,786.805870950315,23.919605934023235,11.21551002656868,12.852007353096855,11.230158674861604,0.010863848629809754,0.7321596215745242,0.0,3.301739392496429,0.8877227958629877,0.5319570195315358,,0.38449367681732705,ly_b3,1.077898590696532,
22827,71,2025-11-10 22:43:23.927650,623.2986311912537,623.2986311912537,62.001360800445475,61.08471298641,63.27908150413187,79.14688492410785,83.27067539477899,21.796722355957776,4040171,0.9558344130445438,0.0174034822007491,0.9740518665331256,-1.566601241441517e-05,0.0029938234038155587,8.500720793983387e-06,227.70047220582993,0.0,67.0,False,0.9490100739719297,-7.424126999672407e-06,0.0122141899618397,3.382442430196785e-05,,,67.0,False,1.0317643431887404,0.0024555692695652064,1.0562794089690346,,53123.0,58844.0,1407,DL1_datacheck_20251110.h5,/fefs/onsite/data/lst-pipe/LSTN-01/DL1/20251110/v0.11/tailcut84/dl1_LST-1.Run22827.0061.h5,/fefs/onsite/data/lst-pipe/LSTN-01/DL2/20251110/v0.11/tailcut84/nsb_tuning_0.22/dl2_LST-1.Run22827.h5,/fefs/onsite/data/lst-pipe/LSTN-01/DL3/20251110/v0.11/tailcut84/nsb_tuning_0.22/0.10.18/std/20250212_v0.10.17_allsky_interp_dl2_irfs_nsb_0.22/src_indep/point/ring-wobble/gheff0.7_thetacont0.7/irf_interp/dl3_LST-1.Run22827.fits,54.59753649372777,42.77999877929688,2025-11-10 19:20:47,27.998639199554518,8.0,4.0,1.9031196283927843,72.18139657892972,9.87669311238406,0.001722577580459946,0.4100153150843587,2.4156913476192337,1.9283007527885003,0.0026862137742190233,0.0001323580168734233,6481.918614642857,3399.3207974009933,41.25576585319995,32.139387084876546,0.8855590702482539,0.019179535529738664,-2.517691981249146,0.1313646343038146,36.55249447423825,47.06868995187249,1.6442304310889868,0.03563353866631442,-2.255214245339534,0.4936854182199446,411.34890698367445,0.9558344130445438,0.19608001226054467,0.017708505403242144,0.0719343636519727,0.019817651473710486,1.0424564301063075,0.09651577855824796,2065.4782481603816,13.881459622050443,1.3179388753558245,7.981447171784131,786.7355230475875,23.317323823558695,12.452993633622421,13.539926598328174,12.220533018413665,0.01,0.6980728317090225,0.0,3.462568034843645,0.9408527797297547,0.49779955137893356,,0.40165755671381353,ly_b3,1.0562794089690346,
22987,159,2025-11-21 02:31:20.196309,1198.9874558448792,1198.9874558448792,6.776873559169159,6.4944756425132795,7.470795731864399,167.58698687443683,83.98656132389453,22.245037280335477,9086478,0.9957249365619445,0.013433247296289506,0.9969832260990997,-2.9822155210398985e-06,0.0015593001166820607,2.310134042006278e-06,519.253500728852,0.0,155.0,False,0.9487200987281982,-2.5124088410075467e-06,0.006451584337481648,9.473288802869004e-06,,,155.0,False,1.004818606231844,0.001152040445770883,1.0557190671327308,,112560.0,112727.0,3764,DL1_datacheck_20251120.h5,/fefs/onsite/data/lst-pipe/LSTN-01/DL1/20251120/v0.11/tailcut84/dl1_LST-1.Run22987.0079.h5,/fefs/onsite/data/lst-pipe/LSTN-01/DL2/20251120/v0.11/tailcut84/nsb_tuning_0.22/dl2_LST-1.Run22987.h5,/fefs/onsite/data/lst-pipe/LSTN-01/DL3/20251120/v0.11/tailcut84/nsb_tuning_0.22/0.10.18/std/20250212_v0.10.17_allsky_interp_dl2_irfs_nsb_0.22/src_indep/point/ring-wobble/gheff0.7_thetacont0.7/irf_interp/dl3_LST-1.Run22987.fits,50.0,56.459999084472656,2025-11-21 02:13:41,83.22312644083084,8.0,4.0,1.8592726333902267,74.10768069614875,10.07481122364935,0.0010332411929843024,0.4032429594687264,2.3938114059642057,1.911439012550904,0.0036233414397366034,7.585010348035478e-05,7578.459604147499,5051.958609301467,37.32079007322028,49.1872898281864,1.7253196237744353,0.029157174184268515,-2.263420883931311,0.10262669529080069,37.27833205053799,49.8328034783144,1.7306247821425114,0.029246843502590086,-2.261204935169639,0.4811006547164977,420.97950760589896,0.9957249365619445,0.20950914568020018,0.016283387182704875,0.08633465692854152,0.019723219657124962,1.014130465390419,0.09126608057626241,2087.0251790414586,11.028242730161775,1.5020520629197673,2.42071988268549,785.9209368981361,73.43062173415701,6.50130682660648,7.29077019035325,6.475561656228293,0.08940404018512067,1.0392483522044513,0.0,0.4598003843729471,0.9466888402946967,0.47765722703771857,,0.3993082213024384,ly_b3,1.0557190671327308,
22988,145,2025-11-21 02:51:31.293808,1196.1668779850006,1196.1668779850006,7.992391479156811,7.062490422648224,9.193614242462303,208.72912179815802,83.28179462772064,21.78657826194291,8267677,0.9997645891347133,0.013071070841662947,1.00409040147032,-1.5759262697652967e-05,0.0011404872989406948,1.9362224861591344e-06,1884.2822987787463,0.0,141.0,False,0.9428787698634313,5.093383593371997e-06,0.006348116856264423,9.20137562175839e-06,,,141.0,False,1.0053535594573197,0.001193247104405801,1.057184202505965,,111662.0,111802.0,3762,DL1_datacheck_20251120.h5,/fefs/onsite/data/lst-pipe/LSTN-01/DL1/20251120/v0.11/tailcut84/dl1_LST-1.Run22988.0134.h5,/fefs/onsite/data/lst-pipe/LSTN-01/DL2/20251120/v0.11/tailcut84/nsb_tuning_0.22/dl2_LST-1.Run22988.h5,/fefs/onsite/data/lst-pipe/LSTN-01/DL3/20251120/v0.11/tailcut84/nsb_tuning_0.22/0.10.18/std/20250212_v0.10.17_allsky_interp_dl2_irfs_nsb_0.22/src_indep/point/ring-wobble/gheff0.7_thetacont0.7/irf_interp/dl3_LST-1.Run22988.fits,50.0,56.459999084472656,2025-11-21 02:13:41,82.00760852084319,8.0,4.0,1.8689945433366908,74.43436819976961,10.095707237671766,0.0010473366110564735,0.40130191186589903,2.3900882618194546,1.909097113700573,0.003376156898059341,8.857045354159156e-05,6911.809006053813,4953.994387457288,37.019562106816245,47.05184245500803,1.7319173675274555,0.027923017733322914,-2.273158277043553,0.09809170246617521,36.96117364167983,47.9195864249511,1.7394086691691863,0.028044014836664063,-2.2700554746294723,0.48805745835448633,421.78711855380584,0.9997645891347133,0.20959749926276836,0.017017675396168195,0.08617226601307124,0.019940591397473898,1.018468815802819,0.09184461265147428,2088.5412485743727,11.048017252593016,1.463456983030881,1.8069892311950362,785.8972430016216,78.50585366264733,11.81187835487034,13.457481181241688,12.050051805853277,0.08,0.9299999999999999,1.4287868724624546,0.7960723847015688,0.9437118731884943,0.4814276337737761,,0.39887140656128556,ly_b3,1.057184202505965,
22989,152,2025-11-21 03:11:40.326157,1195.5429472923279,1195.5429472923279,10.090781590273991,8.496681624170904,11.849779467495566,231.18151265462257,83.98630370376924,22.2429825454757,8671489,0.9963852210249835,0.013646387629361425,0.9918136946413338,1.1443981851027008e-05,0.00142660633236154,2.030295789505073e-06,457.11857908781593,0.0,148.0,False,0.9579553357501156,2.3840377615249246e-06,0.006622064690657453,9.716730774312777e-06,,,148.0,False,1.0014009100466503,0.0012226757699364645,1.0423487075206688,,112110.0,112197.0,3833,DL1_datacheck_20251120.h5,/fefs/onsite/data/lst-pipe/LSTN-01/DL1/20251120/v0.11/tailcut84/dl1_LST-1.Run22989.0136.h5,/fefs/onsite/data/lst-pipe/LSTN-01/DL2/20251120/v0.11/tailcut84/nsb_tuning_0.22/dl2_LST-1.Run22989.h5,/fefs/onsite/data/lst-pipe/LSTN-01/DL3/20251120/v0.11/tailcut84/nsb_tuning_0.22/0.10.18/std/20250212_v0.10.17_allsky_interp_dl2_irfs_nsb_0.22/src_indep/point/ring-wobble/gheff0.7_thetacont0.7/irf_interp/dl3_LST-1.Run22989.fits,50.0,56.459999084472656,2025-11-21 02:13:41,79.90921840972601,8.0,4.0,1.868691632712642,73.52574300440307,10.029648686462737,0.0010389704993262468,0.4021548565290245,2.4066644987959633,1.9212616544695897,0.0035258789741323634,5.559319038907389e-05,7253.180673801167,5012.774332844294,37.3811093377906,48.24923694902896,1.719330927397621,0.02902799651716852,-2.2605500314716354,0.10259206907383994,37.28617012949267,49.68139262144469,1.7313888193896874,0.029232644560040905,-2.255558819312564,0.48109779552513693,421.0477117403964,0.9963852210249835,0.208633391853187,0.01645070534945471,0.08570317907802102,0.019923588855892658,1.0155240712612215,0.09312443183834536,2078.4251322588266,11.069139604130145,1.4441827587494263,2.4190110908609928,785.8603105958165,79.48670239701433,12.191424482795538,14.172746666093403,11.960155776485218,0.07999999999999999,1.1262490554142381,3.2778197593671945,1.131606946240701,0.958067133903936,0.48159536781901247,,0.3979457973911782,ly_b3,1.0423487075206688,
22990,120,2025-11-21 03:31:48.230862,1014.8776469230652,1014.8776469230652,14.344493535702583,12.415086373299573,16.021360386038012,243.98113671658035,83.28480012733735,21.787493610288916,6842532,0.9990721083043563,0.01314326235670934,0.9785325005084827,3.083585711120726e-05,0.0010124415498620686,1.8819248292654153e-06,988.6874126393274,0.0,116.0,False,0.9657881338840492,-1.7242748158749185e-06,0.00661065674835918,1.1396096296680396e-05,,,116.0,False,1.0060274042853854,0.001364115522508631,1.036357620141711,,95590.0,95607.0,3375,DL1_datacheck_20251120.h5,/fefs/onsite/data/lst-pipe/LSTN-01/DL1/20251120/v0.11/tailcut84/dl1_LST-1.Run22990.0080.h5,/fefs/onsite/data/lst-pipe/LSTN-01/DL2/20251120/v0.11/tailcut84/nsb_tuning_0.22/dl2_LST-1.Run22990.h5,/fefs/onsite/data/lst-pipe/LSTN-01/DL3/20251120/v0.11/tailcut84/nsb_tuning_0.22/0.10.18/std/20250212_v0.10.17_allsky_interp_dl2_irfs_nsb_0.22/src_indep/point/ring-wobble/gheff0.7_thetacont0.7/irf_interp/dl3_LST-1.Run22990.fits,50.0,56.459999084472656,2025-11-21 02:13:41,75.65550646429743,8.0,4.0,1.8552422278193161,74.263292496947,10.075222436413565,0.0010148312656965998,0.40150464139856284,2.380080554020957,1.8977710018219667,0.003372956679143415,0.00012135484152647625,6742.2235781282425,4908.982885872618,37.915151065283084,46.14962661037445,1.7132057094151991,0.02767906275570678,-2.2714147972018424,0.09848198776454391,37.72376583458677,49.00707504152172,1.7381872715207467,0.02808081130201191,-2.261237075427416,0.4831738164448763,421.6607524400617,0.9990721083043564,0.20682280512103576,0.015852873195527313,0.08398971525019314,0.01956098252598198,1.0155361434348098,0.09404738227604374,2079.8657255210314,11.055729946007544,1.5062780110969771,2.432607910732513,785.7599282061776,76.64364250367073,9.329309743994042,10.598255174051895,9.289696334177155,0.0961000263909738,0.9665496173308799,0.0,1.442162057683553,0.9627437659934316,0.49384409527282846,,0.3960675986944981,ly_b3,1.036357620141711,
23009,140,2025-11-25 01:47:01.441101,1191.5595846176147,1185.3235535466151,10.266153590205567,8.632954639691377,12.045734361363372,127.88337961002415,83.98505217955473,22.245109566664937,7964494,0.8451197121574332,0.017011905869722975,0.8625253150982285,-2.261480120551888e-05,0.001482173872181968,2.5367277386557575e-06,332.1020572360124,0.0,136.0,False,0.895595082164194,1.6475373626998e-06,0.005847753221414922,8.596449554821522e-06,,,136.0,False,1.1778425307203126,0.002271204652076,1.1153566533939665,,112045.0,112167.0,3663,DL1_datacheck_20251124.h5,/fefs/onsite/data/lst-pipe/LSTN-01/DL1/20251124/v0.11/tailcut84/dl1_LST-1.Run23009.0014.h5,/fefs/onsite/data/lst-pipe/LSTN-01/DL2/20251124/v0.11/tailcut84/nsb_tuning_0.22/dl2_LST-1.Run23009.h5,/fefs/onsite/data/lst-pipe/LSTN-01/DL3/20251124/v0.11/tailcut84/nsb_tuning_0.22/0.10.18/std/20250212_v0.10.17_allsky_interp_dl2_irfs_nsb_0.22/src_indep/point/ring-wobble/gheff0.7_thetacont0.7/irf_interp/dl3_LST-1.Run23009.fits,50.0,48.09000015258789,2025-11-24 19:28:25,79.73384640979445,8.0,4.0,1.7413173897564533,71.17250833015392,9.811935482374698,0.001853495937099668,0.4105821665736818,2.2482607303690236,1.7906536399674657,0.0026387111286241332,4.694483000061831e-05,6719.257350593752,4189.494914820071,36.946772907571436,38.742454006125676,1.4002742296947206,0.02421654836128444,-2.261710304975059,0.10524363543368635,36.849853719447864,39.93943947464837,1.4104596783584666,0.02438990123603472,-2.2565422475440866,0.5094660386571019,384.4166571005331,0.8451197121574331,0.18986419244144082,0.014247987753845826,0.0787752964500771,0.017914611255031958,1.0209049472410814,0.09251358251755218,2001.0632495197938,14.018616716662317,1.3336632658415364,6.774731641343531,792.0200394420947,89.88664543111268,10.240389538556132,11.54289539460092,10.106497015754602,4.75,1.1100000000000003,16.77056104559159,6.475263603861868,0.8964825505281618,0.5059151082439964,,0.3982017377126055,ly_b3,1.1153566533939665,
23011,97,2025-11-25 02:13:59.502611,861.5970115661621,861.5970115661621,7.2443044350787975,6.959118865020471,7.750445876543367,165.21239650670498,83.2798020487258,21.786331207798973,5496526,0.8172050985150159,0.018796679231676647,0.8235003738171609,-4.386324616811914e-06,0.0020877340646090585,4.074565625818314e-06,175.50458137886085,5.096695993023204e-07,93.0,False,0.8709327822190333,-4.220305020100948e-06,0.007543988936966296,1.540267369433867e-05,,,93.0,False,1.2170975895629208,0.003155491399872475,1.1505755325828984,,81702.0,81714.0,2654,DL1_datacheck_20251124.h5,/fefs/onsite/data/lst-pipe/LSTN-01/DL1/20251124/v0.11/tailcut84/dl1_LST-1.Run23011.0009.h5,/fefs/onsite/data/lst-pipe/LSTN-01/DL2/20251124/v0.11/tailcut84/nsb_tuning_0.22/dl2_LST-1.Run23011.h5,/fefs/onsite/data/lst-pipe/LSTN-01/DL3/20251124/v0.11/tailcut84/nsb_tuning_0.22/0.10.18/std/20250212_v0.10.17_allsky_interp_dl2_irfs_nsb_0.22/src_indep/point/ring-wobble/gheff0.7_thetacont0.7/irf_interp/dl3_LST-1.Run23011.fits,50.0,48.09000015258789,2025-11-24 19:28:25,82.75569556492121,8.0,4.0,1.7307355769404322,70.55833860168423,9.771591006815342,0.0017125297860340815,0.41139732046470523,2.213638777163233,1.768571974587227,0.002515339414539185,9.645552897518714e-05,6379.462702648802,4072.013891532152,36.85214870620606,37.53217278309798,1.3434435539836629,0.024347877083026194,-2.2749372384440023,0.11041616425019785,36.80427529202234,38.09534346862394,1.348172978154023,0.024433499846377556,-2.2724048300336177,0.4714282791471948,377.08802988408155,0.8172050985150159,0.18732155984458274,0.014870943886208255,0.0803012557961759,0.01839463009141958,1.0206747717218132,0.09215733628251074,1972.4574018026253,13.783505891807797,1.4004072293342888,6.728483639674193,791.871311013286,90.68843672487822,10.333306625703631,11.555824415648758,10.25978490786852,4.75,1.11,21.48385665743599,6.878142156936883,0.8694235578092067,0.47612676704830925,,0.4005233000760639,ly_b3,1.1505755325828984,
23012,117,2025-11-25 02:32:53.727319,1033.5309495925903,1033.5309495925903,6.92927794143474,6.5030828347779135,7.67556971237687,198.4256734742894,83.98758686780968,22.24492957417164,6662734,0.8203845184629549,0.016576241169804933,0.8364092716526397,-2.515778850762748e-05,0.002278474035258093,3.736007670756859e-06,231.53879436050295,3.5638725304210084e-10,113.0,False,0.8729233636660544,-1.3660718649212094e-05,0.005948537113490871,1.0187965446139479e-05,,,113.0,False,1.2144166839230808,0.0024482691753033308,1.1548686752536557,,97878.0,97907.0,3080,DL1_datacheck_20251124.h5,/fefs/onsite/data/lst-pipe/LSTN-01/DL1/20251124/v0.11/tailcut84/dl1_LST-1.Run23012.0050.h5,/fefs/onsite/data/lst-pipe/LSTN-01/DL2/20251124/v0.11/tailcut84/nsb_tuning_0.22/dl2_LST-1.Run23012.h5,/fefs/onsite/data/lst-pipe/LSTN-01/DL3/20251124/v0.11/tailcut84/nsb_tuning_0.22/0.10.18/std/20250212_v0.10.17_allsky_interp_dl2_irfs_nsb_0.22/src_indep/point/ring-wobble/gheff0.7_thetacont0.7/irf_interp/dl3_LST-1.Run23012.fits,50.0,48.09000015258789,2025-11-24 19:28:25,83.07072205856525,8.0,4.0,1.7309277542951427,69.86377297857389,9.722787482568323,0.001933529063029615,0.41441024495837425,2.2302880013979363,1.7827948755041547,0.002728558355800356,8.022286204626639e-05,6446.574243980209,4055.8127472161113,36.791143297555905,37.10404305658895,1.3462781283859233,0.02214296395700254,-2.289881712537348,0.10019030463633531,36.74732848537467,37.61232406159239,1.3506085075918786,0.022214033343066715,-2.2875625523327954,0.5298877444176741,377.6656828622498,0.820384518462955,0.18578441110691796,0.014267654455669786,0.08181878182815487,0.01775630998824522,1.018371008005773,0.09419743721068655,1950.0553794326522,14.300431972210829,1.319059808171369,6.666480580855601,791.7404237920457,91.52281145181637,8.195822384331995,9.380970243538126,8.162952767845347,4.219234714017449,1.1100000000000003,24.0,7.217083689297102,0.8660605118282858,0.5032984883430115,,0.40002791717987646,ly_b3,1.1548686752536557,
23039,79,2025-11-26 04:09:17.142071,640.0157356262207,640.0157356262207,24.905674091905805,23.763404382449323,26.060894741481206,261.01800538541056,83.99297836771784,22.24558643755177,4465981,0.9488815511635386,0.013297119360873641,0.9504770340582941,8.546286365210359e-07,0.0019996972430837575,5.1153506697825185e-06,160.3987012852171,3.758357824956704e-08,75.0,False,0.9667576438736244,1.6545690203450015e-05,0.009064600922433802,2.4846830760556304e-05,,,75.0,False,1.0518043247182463,0.0018319910942086986,1.028829161799185,,60236.0,60407.0,2063,DL1_datacheck_20251125.h5,/fefs/onsite/data/lst-pipe/LSTN-01/DL1/20251125/v0.11/tailcut84/dl1_LST-1.Run23039.0031.h5,/fefs/onsite/data/lst-pipe/LSTN-01/DL2/20251125/v0.11/tailcut84/nsb_tuning_0.22/dl2_LST-1.Run23039.h5,/fefs/onsite/data/lst-pipe/LSTN-01/DL3/20251125/v0.11/tailcut84/nsb_tuning_0.22/0.10.18/std/20250212_v0.10.17_allsky_interp_dl2_irfs_nsb_0.22/src_indep/point/ring-wobble/gheff0.7_thetacont0.7/irf_interp/dl3_LST-1.Run23039.fits,50.0,48.36000061035156,2025-11-25 20:02:44,65.09432590809419,8.0,4.0,1.7910557450897082,71.85717633585585,9.874247694825138,0.002056159858081898,0.41507683754800523,2.314856389510425,1.8435868167803862,0.0032385270789841445,2.1000815073445307e-05,6977.923746875192,4478.73988159888,37.26773258577906,39.958906038500785,1.5522323813752321,0.025734586170825982,-2.2900752899511323,0.10075169174364186,36.707505785437974,48.177729356752884,1.6294598729859053,0.027013575423721826,-2.257884667371906,0.5052239782676777,409.8792807176609,0.9488815511635386,0.19346591293128054,0.018067041980849085,0.07626435082738328,0.020068200288308816,1.0189585030749282,0.09514185469349236,2011.6821449600116,15.104624458152125,1.4075641006853734,5.0547913573646595,788.9701637468833,54.308951423893134,4.68694914279378,5.798809347500304,4.584746880120007,0.37,0.6072384394306681,0.0,8.197020851117957,0.9709631713908349,0.489529792453888,,0.4045151454177613,ly_b3,1.028829161799185,
23040,172,2025-11-26 04:20:08.582537,1514.967289686203,1514.967289686203,29.63511997608498,26.566035841227183,32.38172141171234,263.76890613112704,83.28918330066418,21.787912443361886,9797407,0.9578857967388895,0.013130879855546071,0.959942770620253,6.10208307041669e-06,0.0013225798180156263,1.6899887374297276e-06,459.6126745500309,0.0,168.0,False,0.9733917013302356,9.061200350517455e-06,0.0063170136803196815,7.324677774997093e-06,,,168.0,False,1.0367642855764416,0.0011874506202070368,1.0201871149954946,,142784.0,143273.0,4699,DL1_datacheck_20251125.h5,/fefs/onsite/data/lst-pipe/LSTN-01/DL1/20251125/v0.11/tailcut84/dl1_LST-1.Run23040.0114.h5,/fefs/onsite/data/lst-pipe/LSTN-01/DL2/20251125/v0.11/tailcut84/nsb_tuning_0.22/dl2_LST-1.Run23040.h5,/fefs/onsite/data/lst-pipe/LSTN-01/DL3/20251125/v0.11/tailcut84/nsb_tuning_0.22/0.10.18/std/20250212_v0.10.17_allsky_interp_dl2_irfs_nsb_0.22/src_indep/point/ring-wobble/gheff0.7_thetacont0.7/irf_interp/dl3_LST-1.Run23040.fits,50.0,48.36000061035156,2025-11-25 20:02:44,60.36488002391503,8.0,4.0,1.7870653144707545,71.99496680123606,9.875960775095681,0.0021120617042085068,0.41571820417933847,2.2896833277530533,1.8239317829653943,0.0027796239922855846,1.9973620054619374e-05,6467.074943927897,4352.122349364839,37.750581657278325,37.42931162416085,1.5314364469272037,0.024940272070764283,-2.3043297187444933,0.09941199058584183,36.91810634664187,48.425765086216224,1.6487112315373014,0.026852193556165027,-2.25721310731582,0.4941611814493037,411.9696477958126,0.9578857967388895,0.19233724900461774,0.01604544419698582,0.07507089254594254,0.019732708652435555,1.021647713874831,0.09715054782035638,2014.0173016971255,15.432636449540771,1.3920416434105523,4.944972106165311,788.9751188514856,53.85897291417593,5.340041034882591,6.718147172870837,5.630867005455305,0.22694557829855388,0.6694835762549881,0.0,8.499744653852781,0.9788302416535585,0.5084694320198858,,0.39251778921895847,ly_b3,1.0201871149954946,
23049,15,2025-11-27 22:51:38.640658,586.8804984092712,586.8804984092712,46.2364392101971,45.19211414097611,47.23187763899328,85.82708408473802,83.9730007627697,22.247910701004542,726153,0.9713879991319867,0.005060121631906834,0.9682679353041582,1.7713398611559e-05,0.0020691109445516716,8.026535686038382e-06,36.303070668782006,0.00015067421219439048,11.0,False,1.0337739889409874,3.569643879370672e-05,0.014627804447110544,4.500699193653166e-05,,,11.0,False,1.0276534282863419,0.001500640833036977,0.9583348425447601,,57954.0,58057.0,3009,DL1_datacheck_20251127.h5,/fefs/onsite/data/lst-pipe/LSTN-01/DL1/20251127/v0.11/tailcut1407/dl1_LST-1.Run23049.0008.h5,/fefs/onsite/data/lst-pipe/LSTN-01/DL2/20251127/v0.11/tailcut1407/nsb_tuning_1.25/dl2_LST-1.Run23049.h5,/fefs/onsite/data/lst-pipe/LSTN-01/DL3/20251127/v0.11/tailcut1407/nsb_tuning_1.25/0.10.18/std/20250212_v0.10.17_allsky_interp_dl2_irfs_nsb_1.25/src_indep/point/ring-wobble/gheff0.7_thetacont0.7/irf_interp/dl3_LST-1.Run23049.fits,177.4046869509833,47.380001068115234,2025-11-27 19:30:09,43.7635607898029,14.0,7.0,3.0912147143430113,72.66389018169436,10.393140088177942,0.0009359746206579134,0.4091340777769465,3.857270776500302,3.1027534286767984,0.037051452884097905,6.173379247808801e-06,1237.3098134428121,1225.595333205976,134.76206514780506,5.29425179349635,1.0524539604367233,0.008392285691429982,-2.403938288394363,0.048395559327022546,123.6330788882152,8.006902628040239,1.6781327580373155,0.010630582559181435,-2.2466992766449794,0.5941047842669818,415.2547868482804,0.9713879991319869,0.23529757680758576,0.0244727742371009,0.11442593649032794,0.0229547763237597,0.9843047849846176,0.10704932600227851,1763.6863553076043,12.078753974946618,1.2320495957367752,9.582459363005912,786.8635032726152,36.49240244189818,16.92137275728361,21.35464306626878,17.579245016051892,0.019999999999999997,1.34,0.0,3.434007684143391,1.0439370775390164,0.4696000766477502,,0.3907393712468252,ly_b3,0.9583348425447601,
23087,7,2025-11-29 23:04:48.616071,506.0979824066162,506.0979824066162,41.83235011789511,41.01204004975789,42.62121815132842,88.0048886428435,83.97496132307309,22.24721435415037,297409,0.7951271800543277,0.014403652227240622,0.7887394428392812,1.9369658516245877e-05,0.016019003236814985,5.8665301736301446e-05,0.8115103944952256,0.8467119642500078,3.0,False,1.047446642016069,-2.3407155414466857e-05,0.00931360757229198,3.758520460699611e-05,,,3.0,False,1.261186022267287,0.008855282217395436,0.9593333581860702,,50318.0,50336.0,1314,DL1_datacheck_20251129.h5,/fefs/onsite/data/lst-pipe/LSTN-01/DL1/20251129/v0.11/tailcut1407/dl1_LST-1.Run23087.0001.h5,/fefs/onsite/data/lst-pipe/LSTN-01/DL2/20251129/v0.11/tailcut1407/nsb_tuning_1.25/dl2_LST-1.Run23087.h5,/fefs/onsite/data/lst-pipe/LSTN-01/DL3/20251129/v0.11/tailcut1407/nsb_tuning_1.25/0.10.18/std/20250212_v0.10.17_allsky_interp_dl2_irfs_nsb_1.25/src_indep/point/ring-wobble/gheff0.7_thetacont0.7/irf_interp/dl3_LST-1.Run23087.fits,285.23254204157837,45.900001525878906,2025-11-29 22:04:35,48.16764988210489,14.0,7.0,4.486301336892105,71.877622563579,11.115078486441504,0.0007663802959880725,0.422923067944359,5.67660708275158,4.518727006685547,0.16796743287954571,8.519468602451627e-05,587.6510287311353,586.3370539216769,217.15593737859604,1.5982688347074523,0.8803490255595262,0.009704454661916327,-2.093100796983376,0.066863466090597,204.37621409881567,2.3581681916949324,1.3958122210857775,0.011602415654063112,-1.9628894594099677,0.18874783151156416,377.17164651515156,0.7951271800543277,0.1987125399893825,0.029961126722107403,0.14129799570732185,0.036303792947319294,0.9858644948862185,0.10827571181551582,1325.0034803977146,10.654358451088475,1.3639502074495249,5.204191552954637,787.8904483420368,41.27235957605083,10.106297514868775,11.73361810687684,10.15118226686775,0.28,0.8099999999999999,0.0,1.0636538681808672,1.0444495398484095,0.7976240273700995,,0.39179901960746055,ly_b3,0.9593333581860702,
23088,15,2025-11-29 23:13:26.705069,1041.883972644806,1041.883972644806,38.95314112277617,37.103445838954045,40.72517837039193,89.51879834862791,83.9761468912791,22.246844421531957,639889,0.8075722622285576,0.017736508239780256,0.8111344214793235,-3.354494101316296e-06,0.009405842635513932,1.6853184127070964e-05,2.794084339197072,0.9931767498614309,11.0,False,1.0601256537099506,-1.2583215318738369e-05,0.010298056443015268,1.7902574472509922e-05,,,11.0,False,1.2353162755606346,0.007348512295976992,0.9487479655591491,,103436.0,103632.0,2708,DL1_datacheck_20251129.h5,/fefs/onsite/data/lst-pipe/LSTN-01/DL1/20251129/v0.11/tailcut1407/dl1_LST-1.Run23088.0014.h5,/fefs/onsite/data/lst-pipe/LSTN-01/DL2/20251129/v0.11/tailcut1407/nsb_tuning_1.25/dl2_LST-1.Run23088.h5,/fefs/onsite/data/lst-pipe/LSTN-01/DL3/20251129/v0.11/tailcut1407/nsb_tuning_1.25/0.10.18/std/20250212_v0.10.17_allsky_interp_dl2_irfs_nsb_1.25/src_indep/point/ring-wobble/gheff0.7_thetacont0.7/irf_interp/dl3_LST-1.Run23088.fits,288.5364913679096,45.900001525878906,2025-11-29 22:04:35,51.04685887722383,14.0,7.0,4.391296392453774,72.1364814830902,11.066995888369904,0.0007869006775726936,0.42213731798944043,5.554046241261103,4.419675998220043,0.15755445504944968,7.395295658146925e-05,614.1653166769155,613.1757631113848,219.5579770807671,1.679592362976365,0.9285290046231494,0.012975373987404877,-2.0702660985002415,0.08449690839134866,209.45609137504616,2.4212256039232205,1.4190564187173345,0.015027269341890276,-1.9554824484587388,0.07989024235561193,380.20009831830805,0.8075722622285576,0.19391757167940538,0.030202427234789213,0.13711985764053403,0.035626555182193105,0.9892481271534277,0.10411845303131136,1332.1681078073784,11.277451261772804,1.355041694324708,5.999858873219977,787.8928343744034,39.330687404598294,11.002780893284354,12.56308953134725,11.057435680521124,0.28,0.9125784318378856,0.0,1.2821656152013785,1.0518153024762817,0.6369667022345664,,0.392472950704803,ly_b3,0.9487479655591491,
23089,16,2025-11-29 23:33:26.568598,895.4942998886108,895.4942998886108,34.331088696668125,32.744612925360265,35.86133034902449,93.00755851668967,83.27091588884991,21.787627527702835,730153,0.9038109857467072,0.008823457312473557,0.901746998678617,1.167065074809025e-05,0.0046527898753144226,7.52929653763692e-06,2.5667928054068923,0.9979061286639959,12.0,False,1.0428790746101186,1.405840484796387e-05,0.007917208698044995,1.6015411251782247e-05,,,12.0,False,1.1029972393873089,0.00302066063628859,0.953516753853878,,88788.0,88873.0,3253,DL1_datacheck_20251129.h5,/fefs/onsite/data/lst-pipe/LSTN-01/DL1/20251129/v0.11/tailcut1407/dl1_LST-1.Run23089.0001.h5,/fefs/onsite/data/lst-pipe/LSTN-01/DL2/20251129/v0.11/tailcut1407/nsb_tuning_1.25/dl2_LST-1.Run23089.h5,/fefs/onsite/data/lst-pipe/LSTN-01/DL3/20251129/v0.11/tailcut1407/nsb_tuning_1.25/0.10.18/std/20250212_v0.10.17_allsky_interp_dl2_irfs_nsb_1.25/src_indep/point/ring-wobble/gheff0.7_thetacont0.7/irf_interp/dl3_LST-1.Run23089.fits,252.43396057704743,45.900001525878906,2025-11-29 22:04:35,55.66891130333188,14.0,7.0,4.285631150543395,72.48876382983102,11.017037742163367,0.0008065026172759691,0.42084049621290404,5.390296054804015,4.306731404050582,0.14418722080957838,8.527316564947857e-05,815.3630906314229,812.9833993254424,192.79852727250486,2.4692744385127487,1.0880595140410947,0.011904351583616897,-2.2215892264703943,0.0663158716918147,186.73789475016903,3.4000089993741507,1.552533009841218,0.013242518783484597,-2.128457535442845,0.3096989976606883,399.9830181425215,0.9038109857467072,0.2086588490460918,0.030155122743818187,0.13658703968452215,0.03633763548686358,0.9745991163021566,0.10657004566661224,1370.708282230177,11.699366901270396,1.3961343814781169,7.823214711098565,787.8757932694926,34.32128502580918,11.366836485566326,12.777625450432804,11.360739834234865,0.18447743171861158,1.0789419175002015,0.0,1.5972274067693326,1.050226598648679,0.6153294051427122,,0.40655012734088863,ly_b3,0.953516753853878,
23090,25,2025-11-29 23:48:33.562019,1380.8946759700775,1380.8946759700775,30.597171721434023,28.13890369846427,33.014427860546284,94.5666471760101,83.97902264825638,22.245880072500658,1168067,0.915377256808475,0.008882684855607437,0.9131702741812571,1.8376638756662447e-06,0.002648509287130282,2.67251520297065e-06,8.7441414807368,0.9910881034946374,21.0,False,1.0421854473859975,1.5017751742003887e-05,0.004581032089482418,5.928567894295085e-06,,,21.0,False,1.09363007089458,0.0022152039820004157,0.9504879591495267,,136918.0,137049.0,5159,DL1_datacheck_20251129.h5,/fefs/onsite/data/lst-pipe/LSTN-01/DL1/20251129/v0.11/tailcut1407/dl1_LST-1.Run23090.0011.h5,/fefs/onsite/data/lst-pipe/LSTN-01/DL2/20251129/v0.11/tailcut1407/nsb_tuning_1.25/dl2_LST-1.Run23090.h5,/fefs/onsite/data/lst-pipe/LSTN-01/DL3/20251129/v0.11/tailcut1407/nsb_tuning_1.25/0.10.18/std/20250212_v0.10.17_allsky_interp_dl2_irfs_nsb_1.25/src_indep/point/ring-wobble/gheff0.7_thetacont0.7/irf_interp/dl3_LST-1.Run23090.fits,255.9467173343755,45.900001525878906,2025-11-29 22:04:35,59.40282827856598,14.0,7.0,4.185981870773225,71.93030228606882,10.94309746296734,0.0009038505964809707,0.4208249521122998,5.28416848194304,4.224903521670288,0.1352993962928449,8.25936633089709e-05,845.8769668146007,843.9557486028378,194.6440347732682,2.5585961764398255,1.1406462572785885,0.012932279701869222,-2.1848650936617076,0.06858358285862678,190.03721206740187,3.3573797551491458,1.5780654677513162,0.013995629196839962,-2.106357988633421,0.203652086223445,402.87224949769563,0.915377256808475,0.206396805597148,0.029256736323556395,0.13384798364001863,0.03426305061794784,0.9777206769261867,0.10574954487587053,1388.310202083882,11.95955197890074,1.2875262713687,7.050646276273675,787.8457144614869,36.65077176648518,12.491982303410548,13.83402983433153,12.483768381998937,0.17,1.1613611930219425,0.0,1.9167856771383893,1.051257373429193,0.7763946957061865,,0.3940782479610967,ly_b3,0.9504879591495267,
23091,19,2025-11-30 02:12:38.576776,549.4266238212585,549.4266238212585,6.611610991277696,6.50062169561383,6.8267495609376425,189.45998478790042,83.98739901653393,22.244852917390155,996014,1.001760943220303,0.006591544026214128,1.0175698002679996,-1.9449186650765288e-05,0.0015256081369193976,6.906179800043676e-06,631.388476621349,0.0,15.0,False,1.1082222513068634,-0.0004558774480368164,0.07222086666150161,0.00021488554385819538,,,15.0,False,0.9876164204898663,0.0016258991510535532,1.0149886115148283,,53314.0,53397.0,2507,DL1_datacheck_20251129.h5,/fefs/onsite/data/lst-pipe/LSTN-01/DL1/20251129/v0.11/tailcut1206/dl1_LST-1.Run23091.0008.h5,/fefs/onsite/data/lst-pipe/LSTN-01/DL2/20251129/v0.11/tailcut1206/nsb_tuning_0.81/dl2_LST-1.Run23091.h5,/fefs/onsite/data/lst-pipe/LSTN-01/DL3/20251129/v0.11/tailcut1206/nsb_tuning_0.81/0.10.18/std/20250212_v0.10.17_allsky_interp_dl2_irfs_nsb_0.81/src_indep/point/ring-wobble/gheff0.7_thetacont0.7/irf_interp/dl3_LST-1.Run23091.fits,185.33916261187161,45.900001525878906,2025-11-29 22:04:35,83.38838900872231,12.0,6.0,2.4115243027214177,72.27313430622645,10.142977562723695,0.000841792833655493,0.4039138739716353,3.0523251964379825,2.453505048934884,0.01059377433433249,6.069548004302788e-05,1812.8244187963248,1550.6547427107687,139.64235059924627,6.102134350798067,1.4738202867253958,0.012991524112907922,-2.2489155290333844,0.054249687002514056,139.49139846478593,6.178120443294827,1.7461207152232996,0.013029523745660755,-2.250810575074829,0.48147086031033437,422.1600322644473,1.001760943220303,0.21736694360940634,0.0188297948783538,0.09701596258701005,0.022458993307619128,0.9959617022546849,0.0998331749196401,1945.0421232067372,11.203019724637752,1.3536846779840637,3.056580720371138,787.4341132270758,57.51498710766057,5.513131681435553,7.632118339284465,5.487390646717661,-0.27460002311359155,-0.1585360268117662,0.0,4.206046138785854,1.014547386557208,0.6153995211277912,,0.39984126977904705,ly_b3,1.0149886115148283,
23093,52,2025-11-30 02:26:14.245436,604.3092031478882,604.3092031478882,8.540635019441476,7.9286942248333645,9.206273302004533,216.37735766824767,83.28145242395158,21.78627890084076,2908872,0.9972824428158906,0.010615139902079624,0.9998278213966232,-1.2643516391724485e-05,0.002334649867055606,6.511714153571388e-06,77.86709983425986,0.004110731098464271,48.0,False,1.014965183712522,-2.092654621570621e-05,0.007780876805831648,2.2840711854640733e-05,,,48.0,False,1.00395129659878,0.0015823105144253922,0.9913446686385093,,57983.0,58028.0,2159,DL1_datacheck_20251129.h5,/fefs/onsite/data/lst-pipe/LSTN-01/DL1/20251129/v0.11/tailcut1005/dl1_LST-1.Run23093.0023.h5,/fefs/onsite/data/lst-pipe/LSTN-01/DL2/20251129/v0.11/tailcut1005/nsb_tuning_0.38/dl2_LST-1.Run23093.h5,/fefs/onsite/data/lst-pipe/LSTN-01/DL3/20251129/v0.11/tailcut1005/nsb_tuning_0.38/0.10.18/std/20250212_v0.10.17_allsky_interp_dl2_irfs_nsb_0.38/src_indep/point/ring-wobble/gheff0.7_thetacont0.7/irf_interp/dl3_LST-1.Run23093.fits,63.27839380158639,45.900001525878906,2025-11-29 22:04:35,81.45936498055852,10.0,5.0,2.043414165048763,72.75901908275993,9.994753237063927,0.0016422237687633541,0.410078130179104,2.601361693442591,2.076184366796645,0.004465942334173339,8.680352117162605e-05,4813.549065358406,3639.977661339191,48.54090633084873,25.881387637516966,1.5707618144359183,0.023169751929489703,-2.2675692666340637,0.08939753641857949,48.45317160817456,26.423661449951705,1.7335045503531599,0.023283552179239508,-2.264036206355155,0.4649388227714593,421.32709131934547,0.9972824428158905,0.20382996977987689,0.017890722817973555,0.08427418420611645,0.022680114024529265,1.0163364072662444,0.0949639429409849,2013.6143253715768,13.492027244741019,1.3816670362663659,3.121792248683663,787.3578472009077,58.79424673076059,6.695989405969638,9.14185686029454,6.421769006398243,-0.8221902392779763,-0.7944074641651601,0.0,4.4434797177528145,1.0079352649000386,0.5641367590240091,,0.39930386609411,ly_b3,0.9913446686385093,
23094,52,2025-11-30 02:38:53.902508,385.9767861366272,385.9767861366272,9.362867771516006,8.859057539767619,9.893290156550506,227.6537579338146,83.9884988323644,22.244998272527923,2919248,0.9747074668806173,0.014584493400433027,0.9702471012306217,9.579177533448389e-06,0.0029239281553965976,1.1530051641649825e-05,71.76640748090325,0.014719704704063252,48.0,False,0.9659419147339845,0.0001021890841542522,0.010996901082714566,5.008695023828366e-05,,,48.0,False,1.0287423847410597,0.0023686197848659936,1.0150536586753551,,36198.0,36176.0,1268,DL1_datacheck_20251129.h5,/fefs/onsite/data/lst-pipe/LSTN-01/DL1/20251129/v0.11/tailcut84/dl1_LST-1.Run23094.0039.h5,/fefs/onsite/data/lst-pipe/LSTN-01/DL2/20251129/v0.11/tailcut84/nsb_tuning_0.22/dl2_LST-1.Run23094.h5,/fefs/onsite/data/lst-pipe/LSTN-01/DL3/20251129/v0.11/tailcut84/nsb_tuning_0.22/0.10.18/std/20250212_v0.10.17_allsky_interp_dl2_irfs_nsb_0.22/src_indep/point/ring-wobble/gheff0.7_thetacont0.7/irf_interp/dl3_LST-1.Run23094.fits,50.0,45.900001525878906,2025-11-29 22:04:35,80.637132228484,8.0,4.0,1.8446992371269388,72.32873824945602,9.896674790747896,0.0019707380187596966,0.41228179018749694,2.3645936875510585,1.889693956298531,0.0030406077095730616,3.903275618540498e-05,7563.273504657483,4933.788943788734,37.1917325616835,47.71565139832527,1.6744515439145908,0.03046961812955312,-2.263352556728189,0.1103711064372357,37.11114784966513,48.9214333819444,1.6844100198447265,0.03065023189410336,-2.259102029191568,0.44950093130993835,415.9589208761682,0.9747074668806173,0.19847542952443295,0.01665535610549515,0.07849060444117585,0.020517886658070233,1.0142087483290319,0.0949975343596942,2046.8011278432296,14.05252536463753,1.5923000452384988,3.5811118791629775,787.3449456645536,58.41252120573886,8.710001378482005,8.697886335399442,9.239741840500932,0.6,0.85,0.0,4.624541021017819,0.9851253258541738,0.47572689332494084,,0.400761964357327,ly_b3,1.0150536586753551,
23095,89,2025-11-30 02:45:31.118309,729.7320153713226,729.7320153713226,11.800972187556217,9.983685815047721,12.909666654346537,236.13552356873296,83.28919814363229,21.79032582659944,5053053,0.9731424891377658,0.013238644612038735,0.9797907445374531,-1.3197934256499734e-05,0.0018147890136506043,4.602496606397206e-06,267.9940204566895,0.0,85.0,False,0.9903982687443227,-2.388984463663289e-05,0.008965544704590428,2.1582389555605023e-05,,,85.0,False,1.0256258767036752,0.0016047318891111333,1.0185985209619932,,68535.0,68556.0,2306,DL1_datacheck_20251129.h5,/fefs/onsite/data/lst-pipe/LSTN-01/DL1/20251129/v0.11/tailcut84/dl1_LST-1.Run23095.0007.h5,/fefs/onsite/data/lst-pipe/LSTN-01/DL2/20251129/v0.11/tailcut84/nsb_tuning_0.22/dl2_LST-1.Run23095.h5,/fefs/onsite/data/lst-pipe/LSTN-01/DL3/20251129/v0.11/tailcut84/nsb_tuning_0.22/0.10.18/std/20250212_v0.10.17_allsky_interp_dl2_irfs_nsb_0.22/src_indep/point/ring-wobble/gheff0.7_thetacont0.7/irf_interp/dl3_LST-1.Run23095.fits,50.0,45.900001525878906,2025-11-29 22:04:35,78.19902781244379,8.0,4.0,1.7806844343349584,73.12132286299135,9.936145317271748,0.0017090106351601744,0.40816027507318436,2.2678008741326465,1.8109534941605014,0.0024867581913537197,6.340204646426646e-05,6924.532422260197,4850.794436090063,37.49145453833486,46.69014888072197,1.6661894754029498,0.027406813101907422,-2.2552287304236667,0.10008216570304902,37.36229191137737,48.59690766454952,1.682253931984674,0.027673551290434896,-2.248413407467652,0.4887505854995718,415.63691392195045,0.9731424891377658,0.19650771789570998,0.016841449323276362,0.07613994658765513,0.01989352467345332,1.0201549148568316,0.09378827969193981,2048.137389701787,13.559630875070566,1.4060897147729259,3.9866114678838165,787.3306720660414,62.79127973252481,10.636778559335848,12.66992967756054,10.55367166833298,0.6,0.8445680963115714,0.0,4.782616257711258,0.9802057186175607,0.5043298654260916,,0.39109829035255955,ly_b3,1.0185985209619932,
23281,132,2026-01-12 02:46:19.723989,1052.8204319477081,1024.4767641570834,47.99024447368376,46.06390576393102,49.88153400501304,275.0064201738612,84.0015700463693,22.2482390611652,7519151,0.9682242917546583,0.014930717437499776,0.971616816416851,4.107709129320487e-05,0.002013809199524737,3.1128839804547345e-06,2029.0351354211923,0.0,128.0,False,0.999307926029746,-4.9372080186942394e-05,0.009415786810021637,1.5097662452427711e-05,,,128.0,False,1.006900033263603,0.0014475472378592136,1.0277424720643347,,96233.0,96254.0,2959,DL1_datacheck_20260111.h5,/fefs/onsite/data/lst-pipe/LSTN-01/DL1/20260111/v0.11/tailcut84/dl1_LST-1.Run23281.0122.h5,/fefs/onsite/data/lst-pipe/LSTN-01/DL2/20260111/v0.11/tailcut84/nsb_tuning_0.22/dl2_LST-1.Run23281.h5,/fefs/onsite/data/lst-pipe/LSTN-01/DL3/20260111/v0.11/tailcut84/nsb_tuning_0.22/0.11.4/std/20250212_v0.10.17_allsky_interp_dl2_irfs_nsb_0.22/src_indep/point/ring-wobble/gheff0.7_thetacont0.7/irf_interp/dl3_LST-1.Run23281.fits,52.49901556980827,44.04999923706055,2026-01-10 19:38:53,42.00975552631623,8.0,4.0,1.9153905486469702,73.37745838274746,10.001001058299927,0.0017566755492887407,0.41033324298284457,2.4282182201907925,1.940337026271333,0.002327757915901191,1.7426393004073277e-07,7339.503698931219,3926.606381658448,39.837818314085304,31.809465799526826,1.2806155682482259,0.0238467018273032,-2.390826675367927,0.11367438113746527,36.201528121618416,48.247499988876946,1.6706908741522035,0.031143591377690707,-2.2495697541332804,0.511180899330905,414.46829953921963,0.9682242917546582,0.1953698488837858,0.01650693452788127,0.07524064328389568,0.020976564895202606,1.028448651539073,0.0976686561593726,2025.9497789857114,14.118190520828458,1.4100654819815306,4.216566636379494,788.5975173588253,43.574926591920544,4.85768691426301,5.458520035150174,4.880941933220426,0.02,0.41,0.0,31.27075649325012,0.9729276732101532,0.5259222470844434,,0.4125867298470967,ly_b3,1.0277424720643347,
23282,106,2026-01-12 03:04:04.433602,909.0096530914307,909.0096530914307,52.358786842768026,50.31036419260975,54.01117733083379,276.4241417115197,83.29991293124496,21.791588681697434,5995322,0.9814536398667197,0.01488038250755354,0.9750964325733785,2.2125124084703198e-05,0.0018077868463501783,3.9408727462986755e-06,191.63066231423363,1.9390712702183066e-07,102.0,False,0.9643443056649387,-2.740602148587575e-06,0.008950605291299516,1.860023500578364e-05,,,102.0,False,1.0151739087632052,0.001647754876846554,1.038307050811277,,85747.0,85821.0,2631,DL1_datacheck_20260111.h5,/fefs/onsite/data/lst-pipe/LSTN-01/DL1/20260111/v0.11/tailcut1005/dl1_LST-1.Run23282.0079.h5,/fefs/onsite/data/lst-pipe/LSTN-01/DL2/20260111/v0.11/tailcut1005/nsb_tuning_0.38/dl2_LST-1.Run23282.h5,/fefs/onsite/data/lst-pipe/LSTN-01/DL3/20260111/v0.11/tailcut1005/nsb_tuning_0.38/0.11.4/std/20250212_v0.10.17_allsky_interp_dl2_irfs_nsb_0.38/src_indep/point/ring-wobble/gheff0.7_thetacont0.7/irf_interp/dl3_LST-1.Run23282.fits,61.40994515039573,44.04999923706055,2026-01-10 19:38:53,37.641213157231974,10.0,5.0,2.0545499214863345,73.41000433784731,10.049910106350248,0.0019168751214868134,0.4111058995407892,2.5932031838923595,2.074436860406269,0.0036017887946023746,4.14686276918446e-06,6595.443711307843,3127.659855240323,46.8257195926681,24.302804709664297,1.090598288041902,0.021737073116061434,-2.4071502572648633,0.12152995691554516,41.78642119817675,36.50762939910947,1.6991835779253104,0.030762328509706487,-2.233192953289683,0.4728677513492196,417.553902993922,0.98145363986672,0.19771813880389308,0.01694883554817557,0.07810266316737173,0.02164985709125442,1.0309282552362222,0.09906392434060499,2013.929605272746,14.082492477629641,1.3559404652730411,3.835519265293416,788.5214686393521,44.016155090846816,4.920237717952476,5.402293848615447,4.893119332505655,0.019999999999999997,0.43670494821075734,0.0,31.54527419103113,0.9614500636742679,0.46765428613992793,,0.382299363456966,ly_b3,1.038307050811277,
23283,65,2026-01-12 03:19:25.901170,910.4758355617523,910.4758355617523,54.9373762894498,53.28772449630103,56.54428683943854,278.21193048774074,84.00447283054473,22.24929829245415,3612379,0.900974472233511,0.016867742730917616,0.9851337735714419,-6.737549597732163e-05,0.002404459972868588,4.613171992430443e-06,394.3447420319722,0.0,61.0,False,0.9178941469683256,-0.0001560381259308548,0.02488000526924865,6.407992230149437e-05,,,61.0,False,1.0478058114334714,0.004611074068313315,1.182821916944629,,82101.0,82207.0,2885,DL1_datacheck_20260111.h5,/fefs/onsite/data/lst-pipe/LSTN-01/DL1/20260111/v0.11/tailcut1005/dl1_LST-1.Run23283.0012.h5,/fefs/onsite/data/lst-pipe/LSTN-01/DL2/20260111/v0.11/tailcut1005/nsb_tuning_0.50/dl2_LST-1.Run23283.h5,/fefs/onsite/data/lst-pipe/LSTN-01/DL3/20260111/v0.11/tailcut1005/nsb_tuning_0.50/0.11.4/std/20250212_v0.10.17_allsky_interp_dl2_irfs_nsb_0.50/src_indep/point/ring-wobble/gheff0.7_thetacont0.7/irf_interp/dl3_LST-1.Run23283.fits,62.98728253040457,44.04999923706055,2026-01-10 19:38:53,35.0626237105502,10.0,5.0,2.4031932355969228,73.65778923410579,10.20235218076733,0.0013889351787196294,0.4086619207651226,3.037463618546721,2.4372462363689,0.010182281430236407,4.3095281527277605e-05,3967.572624012813,2041.8125637052267,85.08497214736362,14.43550429341137,0.9311829841566018,0.01518826711541539,-2.3937898555799983,0.10523915749774285,75.43953009071006,21.466549754693766,1.5517144237838811,0.02263139590125831,-2.1984005342904047,0.4781411253593399,396.5047738797867,0.900974472233511,0.20951630971921573,0.017814789100396095,0.09074245972845271,0.02043091413174011,1.022274481831314,0.10329864621188174,1938.1237311037871,12.757728056637344,1.3238108835991074,4.091069579450482,788.3721862958009,43.69993986661202,4.970616862406214,5.40170943400711,4.959442107525827,0.02,0.6,0.0,31.80126754769724,0.8339464019360231,0.5748585905788601,,0.4154073972443935,ly_b3,1.182821916944629,
23284,18,2026-01-12 03:35:12.575427,971.3524081707001,971.3524081707001,59.16095629969022,57.50332945240741,60.84074363381022,279.55140181267063,83.30166547236536,21.792654839518228,845879,0.9384046617849225,0.007357341243282854,0.9327601691169142,1.1384957515479216e-05,0.0029543767208877725,6.232139339760223e-06,16.751682695706602,0.2696524186236,14.0,False,0.7814616983819711,1.315710126594171e-05,0.024476578316197664,4.652864015801637e-05,,,14.0,False,1.0661236065048358,0.0020691960254987244,1.2698630764479617,,96262.0,96381.0,3563,DL1_datacheck_20260111.h5,/fefs/onsite/data/lst-pipe/LSTN-01/DL1/20260111/v0.11/tailcut1206/dl1_LST-1.Run23284.0007.h5,/fefs/onsite/data/lst-pipe/LSTN-01/DL2/20260111/v0.11/tailcut1206/nsb_tuning_0.81/dl2_LST-1.Run23284.h5,/fefs/onsite/data/lst-pipe/LSTN-01/DL3/20260111/v0.11/tailcut1206/nsb_tuning_0.81/0.11.4/std/20250212_v0.10.17_allsky_interp_dl2_irfs_nsb_0.81/src_indep/point/ring-wobble/gheff0.7_thetacont0.7/irf_interp/dl3_LST-1.Run23284.fits,191.4209874750325,44.04999923706055,2026-01-10 19:38:53,30.839043700309787,12.0,6.0,2.6680904342547622,73.834270943491,10.334091753884245,0.0009232702351431679,0.4052175677603752,3.354410741764506,2.6964702832476837,0.017671203977051794,3.412972145765119e-05,870.8260698020011,868.9040073411524,145.59394086067127,4.012835062227045,0.7972049060191112,0.008178694805545679,-2.430072884343954,0.0624186948750748,128.8461155072506,5.863936535841742,1.6123120445850398,0.013821395299141098,-2.200031967290835,0.40936347329231576,407.6251472698501,0.9384046617849228,0.21951913285272268,0.02094428204281902,0.10053575769272248,0.021170994300762233,1.0150070535552644,0.10371772785982458,1877.0908867824146,11.453801837900015,1.2936263817310927,3.3640948293368904,788.3185290377514,45.578503274861106,4.150430266884035,4.525367133836399,4.208261150571151,0.02,0.5300000000000001,0.0,32.06633218419646,0.7880280979283725,0.6648960829420404,,0.3803566498826772,ly_b3,1.2698630764479617,
23432,114,2026-01-22 21:05:54.826804,811.8039186000824,811.8039186000824,20.337332849584808,18.90979530418109,21.763429915337753,105.20414128454404,83.27525173430254,21.786644884464163,6486175,0.9709606475875083,0.013436463039817725,0.970754069235467,2.817735717444053e-07,0.0017321913350216427,3.8308243864788124e-06,332.8136656046199,0.0,110.0,False,1.0097814486938372,5.253497819336435e-06,0.008508108541520638,1.8416999798716698e-05,,,110.0,False,1.0300066903448943,0.001451497266163334,0.9882453037707863,,75861.0,75980.0,2756,DL1_datacheck_20260122.h5,/fefs/onsite/data/lst-pipe/LSTN-01/DL1/20260122/v0.11/tailcut1005/dl1_LST-1.Run23432.0056.h5,/fefs/onsite/data/lst-pipe/LSTN-01/DL2/20260122/v0.11/tailcut1005/nsb_tuning_0.38/dl2_LST-1.Run23432.h5,/fefs/onsite/data/lst-pipe/LSTN-01/DL3/20260122/v0.11/tailcut1005/nsb_tuning_0.38/0.11.4/std/20250212_v0.10.17_allsky_interp_dl2_irfs_nsb_0.38/src_indep/point/ring-wobble/gheff0.7_thetacont0.7/irf_interp/dl3_LST-1.Run23432.fits,55.35804855088106,44.04999923706055,2026-01-10 19:38:53,69.6626671504152,10.0,5.0,1.9379401565853274,73.68547090516299,10.031341575261735,0.0013887121032016645,0.4055679988103734,2.4460844165955073,1.9566266195793665,0.002634367269610144,8.677195466698549e-06,7989.829626820603,3709.4881300806946,42.93016849133619,28.132602001814835,1.4773083037765462,0.02672645954222667,-2.2422597238500703,0.11009752177216846,42.50171652792997,31.84388584850479,1.678344335101472,0.027555730671763007,-2.2213097003391624,0.509561291685533,415.20554353737765,0.9709606475875083,0.20254011276713477,0.016713712274031876,0.0777587920954637,0.020834135904457613,1.0135940840913722,0.09542732296910832,2055.113003275878,12.657357269496888,1.5433232366574263,6.914030666742153,788.3469289369069,25.682056505903788,3.8044079688657657,4.95059229618199,3.7901099830844833,0.03527232185352623,0.9113363064074742,0.0,289.5623145290876,1.0121821805722366,0.537240309837055,,0.40379945496513847,ly_b3,0.9882453037707863,
23491,14,2026-01-24 20:17:15.054397,493.0426149368286,493.0426149368286,30.239291335311577,29.359955515271203,31.070574397899442,94.78913813610521,83.97916917343262,22.2459659676496,683439,0.967923435921899,0.00729955451489918,0.9512332147311421,8.197260801069491e-05,0.0025241312382766144,9.536844648449558e-06,89.00488118355723,8.43769498715119e-15,10.0,False,0.8874272905171652,0.00030053610921085814,0.0337063397336848,0.0001222761873898645,,,10.0,False,1.031178039164446,0.0022686756742254866,1.048247234671411,,48669.0,48705.0,2823,DL1_datacheck_20260124.h5,/fefs/onsite/data/lst-pipe/LSTN-01/DL1/20260124/v0.11/tailcut1407/dl1_LST-1.Run23491.0002.h5,/fefs/onsite/data/lst-pipe/LSTN-01/DL2/20260124/v0.11/tailcut1407/nsb_tuning_1.25/dl2_LST-1.Run23491.h5,/fefs/onsite/data/lst-pipe/LSTN-01/DL3/20260124/v0.11/tailcut1407/nsb_tuning_1.25/0.11.4/std/20250212_v0.10.17_allsky_interp_dl2_irfs_nsb_1.25/src_indep/point/ring-wobble/gheff0.7_thetacont0.7/irf_interp/dl3_LST-1.Run23491.fits,175.38171462900976,44.04999923706055,2026-01-10 19:38:53,59.76070866468843,14.0,7.0,3.080471594266141,73.8231008726507,10.482663833140796,0.0010746780977133167,0.40880842284851165,3.845879257430657,3.0965509792048103,0.03653826100022285,6.68856010820718e-06,1386.1661838045502,1368.6078638181343,133.9859330271517,5.548219449105711,1.2291007140280403,0.013824422217365937,-2.313264475365954,0.06852905957178174,130.91522517217666,7.245000532648973,1.6704273016097761,0.014935041097761755,-2.236195669439229,0.35313541347334954,414.3976861407978,0.967923435921899,0.24064423663509543,0.026410310760070835,0.11562317778292919,0.02740971748999326,0.981351851370428,0.10445506943660524,1820.8916917633755,9.21566134088189,1.4159721708663482,4.851382782329404,791.5170633923062,24.963859529532815,2.3933240268116536,3.434836050909992,2.2637062440808027,0.08,0.65,0.0,336.7027296811147,0.9631299141571528,0.552309927029287,,0.3942385567291798,ly_b3,1.048247234671411,
23492,34,2026-01-24 20:25:41.919849,1205.9049270153046,1205.9049270153046,26.63799419940394,24.51934569951854,28.76185802118748,98.6144093316917,83.27346911883306,21.78692528327015,1754881,0.9855041643684742,0.006204379502428938,0.9884293608334986,5.179475054491446e-06,0.0012699972601226065,1.9729534372621914e-06,208.99600148171197,0.0,30.0,False,1.046826121488842,-4.006811387087602e-05,0.015624164918066445,2.322128098512682e-05,,,30.0,False,1.0086160051718458,0.0011647692369948456,0.9773407910055985,,119006.0,119087.0,6701,DL1_datacheck_20260124.h5,/fefs/onsite/data/lst-pipe/LSTN-01/DL1/20260124/v0.11/tailcut1407/dl1_LST-1.Run23492.0023.h5,/fefs/onsite/data/lst-pipe/LSTN-01/DL2/20260124/v0.11/tailcut1407/nsb_tuning_1.25/dl2_LST-1.Run23492.h5,/fefs/onsite/data/lst-pipe/LSTN-01/DL3/20260124/v0.11/tailcut1407/nsb_tuning_1.25/0.11.4/std/20250212_v0.10.17_allsky_interp_dl2_irfs_nsb_1.25/src_indep/point/ring-wobble/gheff0.7_thetacont0.7/irf_interp/dl3_LST-1.Run23492.fits,176.1833067151809,44.04999923706055,2026-01-10 19:38:53,63.362005800596044,14.0,7.0,2.9427173212314948,73.88711850201668,10.441633956104395,0.0010748907544549414,0.4084160746434879,3.6878760034299325,2.966716468365353,0.028944847629548867,8.214192898833962e-05,1455.2399286927603,1436.2243334445047,133.77884440177414,5.793736257770803,1.289929985133703,0.012373896028834349,-2.2990104913502023,0.05831613979731837,131.45548670924052,7.171803117135543,1.7085840173188926,0.013096292482835784,-2.2337145562332976,0.43315877797862645,418.58422826232453,0.9855041643684742,0.23621034858904424,0.02556736288869905,0.11148722454545963,0.025620208378788353,0.984281243635295,0.10491567191787407,1846.581862546008,9.688355505666324,1.3618417604635034,4.615836273046557,791.6373606581757,24.170081655961667,3.659812338272547,4.746797301042881,3.787769079713891,0.08,0.65,0.0,336.94283695833695,1.0248036160963123,0.4989593059273379,,0.4049979352722783,ly_b3,0.9773407910055985,
23493,37,2026-01-24 20:45:59.436916,1252.347885608673,1252.347885608673,22.60843584417383,20.406591002168682,24.828924236176974,101.23960627133309,83.98222266502279,22.2450746044441,1904144,1.0199244869217388,0.006166124969646828,1.013452690424416,9.290973695519642e-06,0.0013980980407641375,2.2586242426317184e-06,48.76199472335971,0.0378990155812754,33.0,False,1.042606982892265,1.1198493936601711e-05,0.008575306594451852,1.2135514470132541e-05,,,33.0,False,0.9812590339683606,0.0010577218877194823,0.952916279159358,,123465.0,123648.0,6961,DL1_datacheck_20260124.h5,/fefs/onsite/data/lst-pipe/LSTN-01/DL1/20260124/v0.11/tailcut1206/dl1_LST-1.Run23493.0031.h5,/fefs/onsite/data/lst-pipe/LSTN-01/DL2/20260124/v0.11/tailcut1206/nsb_tuning_0.81/dl2_LST-1.Run23493.h5,/fefs/onsite/data/lst-pipe/LSTN-01/DL3/20260124/v0.11/tailcut1206/nsb_tuning_0.81/0.11.4/std/20250212_v0.10.17_allsky_interp_dl2_irfs_nsb_0.81/src_indep/point/ring-wobble/gheff0.7_thetacont0.7/irf_interp/dl3_LST-1.Run23493.fits,186.20352458759,44.04999923706055,2026-01-10 19:38:53,67.39156415582617,12.0,6.0,2.861199153341111,73.06548077533813,10.361593332490937,0.0011636779939471994,0.4090422377126578,3.605032880021259,2.9011231383369247,0.025773721672095417,5.101452156782593e-05,1520.4593083770308,1514.877792186262,141.57375558893196,5.9367605863521975,1.4569154488706537,0.012577767718021772,-2.2600007931528117,0.05237432274335522,139.82300361807987,6.92749169069683,1.7828842744282136,0.013075875144686677,-2.2377361870479593,0.48551929066637867,426.6186030092133,1.0199244869217388,0.23322089172008273,0.02426294436122264,0.10978241147645132,0.02544453827143981,0.9837382108906162,0.10444053902278504,1840.771476289858,10.311852851385327,1.3669658316212747,4.39880759434662,791.7544511727888,23.51030101403432,3.7788685318224373,4.405159113258941,3.5514719723358756,-0.4075840301432596,-0.09492004605220214,0.0,337.28759350050086,1.0512219592612668,0.5054524544087694,,0.3960343045171523,ly_b3,0.952916279159358,
23559,10,2026-01-27 01:37:04.991256,376.78804659843445,373.0071401049693,44.423451187830196,43.813708134245964,45.10164876237891,273.292411521638,83.99989477289529,22.24764755126138,467575,0.9846027723894676,0.006033329250404761,0.9877681204322364,-5.146134658148333e-06,0.0032531395953035655,1.6151335041372692e-05,7.558956562092854,0.2722274137494636,6.0,False,1.0341525846576107,-6.307745670729521e-05,0.012899307137818526,6.324641570382108e-05,,,6.0,False,1.013264808105949,0.0020569866723276807,0.9769640060352962,,36828.0,36899.0,2056,DL1_datacheck_20260126.h5,/fefs/onsite/data/lst-pipe/LSTN-01/DL1/20260126/v0.11/tailcut1608/dl1_LST-1.Run23559.0005.h5,/fefs/onsite/data/lst-pipe/LSTN-01/DL2/20260126/v0.11/tailcut1608/nsb_tuning_1.76/dl2_LST-1.Run23559.h5,/fefs/onsite/data/lst-pipe/LSTN-01/DL3/20260126/v0.11/tailcut1608/nsb_tuning_1.76/0.11.4/std/20250212_v0.10.17_allsky_interp_dl2_irfs_nsb_1.76/src_indep/point/ring-wobble/gheff0.7_thetacont0.7/irf_interp/dl3_LST-1.Run23559.fits,166.70245275346753,44.04999923706055,2026-01-10 19:38:53,45.57654881216981,16.0,8.0,3.560578767689206,72.87195466657964,10.666533830120663,0.0012049827998272288,0.4148022542324272,4.449617188645655,3.5923962445235214,0.07180316520889891,4.8984916573055366e-05,1253.5282833149467,1217.9016194493158,126.30152784893869,5.2278612122950605,1.0027625798604136,0.009943548344503013,-2.4046724992428623,0.060288669209114326,117.11629296897888,7.844006989590886,1.70844419000414,0.012293752272230247,-2.1960757172965915,0.4788721888186029,418.4714864089179,0.9846027723894676,0.2515855573966126,0.03870689024439309,0.13136145289202944,0.04362649236458698,0.9737187308909382,0.10795127526714021,1685.6071535640222,8.155370703693912,1.368193259802009,6.982852897927673,789.5334165357202,12.565803384007543,16.74623723065385,23.173182645637176,15.025066169531602,0.09000000000000001,0.64,0.0,390.01636286136613,1.0255753187226369,0.5112315927479085,,0.41097034423729695,ly_b3,0.9769640060352962,
23560,24,2026-01-27 01:43:40.267439,1023.4034788608551,1012.088808392485,47.80620137130567,46.028425931203515,49.58582273523248,274.2649802022235,83.29451033601225,21.789461898875466,1204405,0.9804078225626611,0.00626644652996124,0.9803654858377803,9.270337981239014e-07,0.0019499023051065224,3.7897577212615464e-06,30.9289642649869,0.056135255554272234,20.0,False,1.0401509399281317,-3.2632093353902544e-06,0.009415481760505408,1.7028950732328134e-05,,,20.0,False,1.0195586389071998,0.0014456080916589308,0.9628698374531807,,100014.0,100120.0,5265,DL1_datacheck_20260126.h5,/fefs/onsite/data/lst-pipe/LSTN-01/DL1/20260126/v0.11/tailcut1407/dl1_LST-1.Run23560.0018.h5,/fefs/onsite/data/lst-pipe/LSTN-01/DL2/20260126/v0.11/tailcut1407/nsb_tuning_1.25/dl2_LST-1.Run23560.h5,/fefs/onsite/data/lst-pipe/LSTN-01/DL3/20260126/v0.11/tailcut1407/nsb_tuning_1.25/0.11.4/std/20250212_v0.10.17_allsky_interp_dl2_irfs_nsb_1.25/src_indep/point/ring-wobble/gheff0.7_thetacont0.7/irf_interp/dl3_LST-1.Run23560.fits,179.45916552599712,44.04999923706055,2026-01-10 19:38:53,42.193798628694324,14.0,7.0,3.3635487258188492,73.05367190514585,10.56866699812041,0.001266290360257378,0.41263275234729185,4.180927275781747,3.375195992367949,0.05493005943176224,9.57366832767295e-06,1190.019087270586,1179.0575986067397,136.47264297604193,4.976610719959357,1.0423399878562354,0.009964075735749593,-2.3836800132916562,0.05801006643968224,124.1282528393455,7.547680895027586,1.6986572915568825,0.012958779715613811,-2.215716559252682,0.46156782423216286,417.44372065008855,0.9804078225626611,0.2456388191402194,0.029229904585476064,0.12041667311311106,0.027334226282209807,0.9778104170984663,0.10634471298530278,1744.779433823145,9.227886340620012,1.3302149945244925,7.35345784382913,789.5754930895982,12.010974821942085,16.534231561900192,23.764426061154015,16.206983554219267,0.09,0.64,0.0,390.21498055605093,1.0362843141294946,0.6727698403995207,,0.38760418115001477,ly_b3,0.9628698374531807,
23561,27,2026-01-27 02:00:56.636371,1207.1935408115387,1207.1935408115387,51.158766077992546,49.04375111074466,53.27171207447849,276.48452470019504,84.00311427205486,22.248929624906122,1341838,0.9769431614540172,0.005471677417350061,0.979513751663689,-4.790256463107949e-06,0.0011880190274945915,2.5161888774581677e-06,62.254990174356855,1.791961744401771e-05,23.0,False,1.0365801493490736,-5.135859587294015e-06,0.008488440208805383,1.2876801577379291e-05,,,23.0,False,1.0238322628377425,0.0012049481273605285,0.9675039896654475,,119359.0,119555.0,5737,DL1_datacheck_20260126.h5,/fefs/onsite/data/lst-pipe/LSTN-01/DL1/20260126/v0.11/tailcut1407/dl1_LST-1.Run23561.0007.h5,/fefs/onsite/data/lst-pipe/LSTN-01/DL2/20260126/v0.11/tailcut1407/nsb_tuning_1.25/dl2_LST-1.Run23561.h5,/fefs/onsite/data/lst-pipe/LSTN-01/DL3/20260126/v0.11/tailcut1407/nsb_tuning_1.25/0.11.4/std/20250212_v0.10.17_allsky_interp_dl2_irfs_nsb_1.25/src_indep/point/ring-wobble/gheff0.7_thetacont0.7/irf_interp/dl3_LST-1.Run23561.fits,183.21736884569086,44.04999923706055,2026-01-10 19:38:53,38.841233922007454,14.0,7.0,2.902377002316513,73.52825532357491,10.407469822214882,0.0012469051414606771,0.4090738370868874,3.6395386247259807,2.9334251983975532,0.02782771631969978,6.560045394442806e-05,1111.5351057113396,1101.2128172143161,138.44665120347378,4.728964851520226,0.9767847765188679,0.007942862503106123,-2.380981088916142,0.0496682456293186,124.06637614349775,7.137078463207437,1.6924892910924965,0.011020602022647383,-2.1883776200654665,0.5633554476744362,416.69080699420624,0.9769431614540172,0.2315838772843388,0.02311009837332177,0.10856084334118803,0.021667877657208293,0.9934340298287124,0.10543634656316103,1826.4765529313283,9.353258938521543,1.2927380411369316,7.02836841473432,789.5154569568023,12.441015194317028,14.713936629154409,20.589113917555064,14.349847505912363,0.22511036078744895,0.6400000000000001,0.0,390.5293712919683,1.0344739761903634,0.5966295272442342,,0.41415805245512993,ly_b3,0.9675039896654475,
23562,61,2026-01-27 02:21:18.682916,1047.2361478805542,1047.2361478805542,56.070034723437594,54.258929522874524,57.95409480145512,278.13707785206674,83.29929713049653,21.791576185941086,3351433,0.9444828288049677,0.012342253698112943,0.9710251393994139,2.7604647969259505e-05,0.0016101537378561091,3.2168761481564444e-06,1224.8051290353555,0.0,56.0,False,0.970148118013516,-1.23411382147972e-05,0.04814884250599295,6.98558450967061e-05,,,57.0,False,1.0155050925489948,0.002284279948661768,1.037382994254387,,97664.0,100286.0,3188,DL1_datacheck_20260126.h5,/fefs/onsite/data/lst-pipe/LSTN-01/DL1/20260126/v0.11/tailcut1005/dl1_LST-1.Run23562.0052.h5,/fefs/onsite/data/lst-pipe/LSTN-01/DL2/20260126/v0.11/tailcut1005/nsb_tuning_0.50/dl2_LST-1.Run23562.h5,/fefs/onsite/data/lst-pipe/LSTN-01/DL3/20260126/v0.11/tailcut1005/nsb_tuning_0.50/0.11.4/std/20250212_v0.10.17_allsky_interp_dl2_irfs_nsb_0.50/src_indep/point/ring-wobble/gheff0.7_thetacont0.7/irf_interp/dl3_LST-1.Run23562.fits,63.13267037319682,44.04999923706055,2026-01-10 19:38:53,33.92996527656242,10.0,5.0,2.3051223940680736,72.70202907130033,10.102107710347807,0.0012166377838984733,0.40616877518924765,2.869045783343077,2.3250729791213933,0.008572697842264505,1.0124755485756548e-05,3200.2648178090376,1947.9379165134328,100.53792851351079,14.685424682822731,0.9602796572864805,0.012151849194047885,-2.3742386671062126,0.08787561719895196,89.12208514962596,21.60103018285956,1.6373946729511226,0.018985150794683856,-2.1688865707082368,0.5612155542758294,407.5536997836016,0.9444828288049677,0.21112842300491172,0.019462721632986277,0.08946661138251286,0.021344923604032097,1.0249936484063238,0.09936985064013483,1975.1892473383123,10.707112199725374,1.328621855952269,6.9531569112713845,789.4317554742023,14.83059377551639,11.258455502717633,14.584588687293593,11.028491765234586,0.8000000000000002,0.6400000000000001,0.0,390.8460002570249,0.9790595691491727,0.5265638645707276,,0.382767921297591,ly_b3,1.037382994254387,
23656,155,2026-02-12 21:27:26.980620,1196.8381633758545,1196.8381633758545,7.987890985966385,6.88678453832074,9.37813497148268,215.2290528428035,83.98799453001712,22.244963280173675,8847058,1.0012811383576483,0.013448415266479944,1.000344180207183,2.409597020994124e-06,0.0015208109870782488,2.011905080006503e-06,338.77199807067706,2.220446049250313e-16,151.0,False,1.0218129679436592,-8.16572161057758e-06,0.006814323267509954,1.0031034141610396e-05,,,151.0,False,0.9982262114027116,0.001169751417749059,0.9833350167343239,,112192.0,112528.0,3841,DL1_datacheck_20260212.h5,/fefs/onsite/data/lst-pipe/LSTN-01/DL1/20260212/v0.11/tailcut84/dl1_LST-1.Run23656.0009.h5,/fefs/onsite/data/lst-pipe/LSTN-01/DL2/20260212/v0.11/tailcut84/nsb_tuning_0.22/dl2_LST-1.Run23656.h5,/fefs/onsite/data/lst-pipe/LSTN-01/DL3/20260212/v0.11/tailcut84/nsb_tuning_0.22/0.11.4/std/20250212_v0.10.17_allsky_interp_dl2_irfs_nsb_0.22/src_indep/point/ring-wobble/gheff0.7_thetacont0.7/irf_interp/dl3_LST-1.Run23656.fits,50.0177466540479,41.97999954223633,2026-02-19 20:21:57,82.01210901403361,8.0,4.0,1.786879446640744,73.98293886731169,10.037859076149424,0.0012108535235724233,0.4027425902038742,2.299617399315662,1.833380696389627,0.002835339177029844,3.054566861159141e-05,7392.025313636054,5053.945625312126,38.15100163077734,49.45218185424456,1.7346288684367015,0.028637139141309647,-2.244930602148298,0.10042210323228824,38.090286234150405,50.361328571663165,1.7421366872741133,0.02876047816161187,-2.241823165415119,0.48967130909215845,422.2513819915385,1.0012811383576483,0.20048792481247343,0.01654067111094778,0.07556807524530368,0.020269173718167353,1.0145048793476323,0.09385160386824935,2075.7144331627337,11.115911902111188,1.2705052418222804,9.696509936832454,793.0949602417924,40.497133413738304,7.065324983129913,9.279451876403312,7.085754408068756,0.020000000000000004,1.0131627481061638,0.0,-166.74309069117544,1.0166555095241943,0.47468966004788615,,0.4003576927086023,ly_b3,0.9833350167343239,
23657,143,2026-02-12 21:47:34.973829,1193.7603497505188,1193.7603497505188,11.97480353445472,10.027755155228306,13.840062680104637,236.52317199805898,83.28359749101018,21.78706250507032,8118612,0.9947523287843127,0.012998271636447335,0.9942527315296058,7.145496126568681e-06,0.0011451700187365904,1.8194167796319193e-06,303.8052465216367,2.5646151868841116e-14,139.0,False,1.0185633295380467,-4.353532301267291e-06,0.007189359690848118,1.050581991766628e-05,,,139.0,False,1.0015085422706762,0.0012244490625537034,0.9842776374459695,,112215.0,112447.0,3701,DL1_datacheck_20260212.h5,/fefs/onsite/data/lst-pipe/LSTN-01/DL1/20260212/v0.11/tailcut84/dl1_LST-1.Run23657.0008.h5,/fefs/onsite/data/lst-pipe/LSTN-01/DL2/20260212/v0.11/tailcut84/nsb_tuning_0.22/dl2_LST-1.Run23657.h5,/fefs/onsite/data/lst-pipe/LSTN-01/DL3/20260212/v0.11/tailcut84/nsb_tuning_0.22/0.11.4/std/20250212_v0.10.17_allsky_interp_dl2_irfs_nsb_0.22/src_indep/point/ring-wobble/gheff0.7_thetacont0.7/irf_interp/dl3_LST-1.Run23657.fits,50.59767485874219,41.97999954223633,2026-02-19 20:21:57,78.02519646554526,8.0,4.0,1.7733381590643136,73.97802423145487,10.031311546417033,0.0012921678383316505,0.4039515796136429,2.269561483755434,1.8075074260137243,0.002578518843591813,6.97316501358221e-05,6800.872555112665,4922.493866736376,38.42562880847415,46.72097599476158,1.7113282161163037,0.027066209491451693,-2.2498673979082255,0.09660273289202634,38.289027259174475,48.69851208828379,1.7284354638981774,0.02733742810267533,-2.242809993589202,0.5051097772656323,420.63394538604456,0.9947523287843127,0.19873139579487545,0.016240772038255094,0.07495159446106456,0.019779909724976646,1.0133534309210095,0.09427912343450617,2055.2896008895596,11.907839293658405,1.430908022433164,9.716293183897507,793.1901489069445,42.89606538022263,7.413903779643379,11.229296065572726,7.3221724337002945,-0.3093686230780461,0.23682716059718878,0.0,-166.40768217891386,1.0133707350584817,0.44280573556783814,,0.3972269487252998,ly_b3,0.9842776374459695,
23658,130,2026-02-12 22:07:42.894319,1192.0590674877167,1098.3643216838439,15.213806317702547,13.097720477912034,17.123058727793932,248.0205901367328,83.99004554251343,22.244884647777123,7373388,0.9917946221896335,0.012306785020772218,1.00187481516809,-2.145937277699891e-05,0.0015013623285064863,1.5791441923136888e-06,343.3055946189279,0.0,126.0,False,1.0158921308402937,-3.1121406648496036e-06,0.007666481523331714,1.0793967475018613e-05,,,126.0,False,1.0118447169420124,0.0011972546469864935,0.986262345336621,,103295.0,103593.0,3560,DL1_datacheck_20260212.h5,/fefs/onsite/data/lst-pipe/LSTN-01/DL1/20260212/v0.11/tailcut84/dl1_LST-1.Run23658.0051.h5,/fefs/onsite/data/lst-pipe/LSTN-01/DL2/20260212/v0.11/tailcut84/nsb_tuning_0.22/dl2_LST-1.Run23658.h5,/fefs/onsite/data/lst-pipe/LSTN-01/DL3/20260212/v0.11/tailcut84/nsb_tuning_0.22/0.11.4/std/20250212_v0.10.17_allsky_interp_dl2_irfs_nsb_0.22/src_indep/point/ring-wobble/gheff0.7_thetacont0.7/irf_interp/dl3_LST-1.Run23658.fits,50.71446489162645,41.97999954223633,2026-02-19 20:21:57,74.78619368229745,8.0,4.0,1.7809326723669592,73.80179253482443,10.028061145196851,0.0013603951162490756,0.4047573212054792,2.306897539503006,1.8385035648349444,0.003297536520181785,0.00013392965108387616,6713.062191146423,4804.728172442444,38.49637918035161,44.34538636179746,1.6929133003603924,0.026027650332285907,-2.262890356303649,0.09321781702437014,38.27816636172556,47.46170610756954,1.7209325408306677,0.026457569569871078,-2.251389494702546,0.5150668146409928,419.9678461744059,0.9917946221896335,0.19884146052928528,0.017014337463700954,0.07574257491598974,0.020605473192481103,1.0176455234610933,0.09392822921111954,2056.408091040398,12.445516037135397,1.3439782767620818,9.351862418511761,793.4484472285537,43.63833871863083,7.983226869033199,11.403218273968363,8.32012160178962,-0.41596566721960077,-0.003706138198142542,0.0,-166.0621253287513,1.0111259955066674,0.4970452813747886,,0.40187785043531804,ly_b3,0.986262345336621,
23659,131,2026-02-12 22:27:50.002945,1194.4516100883484,1190.5039470394454,20.063770521280922,17.781339280714946,22.15714665424001,254.39037043084986,83.28558505295051,21.787033612871916,7455246,0.9932963156593428,0.012220905905633567,0.9969962865812491,-2.475375259264101e-06,0.0013535832716004238,2.1218516691303443e-06,234.41571460930442,2.15229420952312e-08,127.0,False,1.033391468419803,-1.6838345447945176e-05,0.007146834858004242,1.0491005859759426e-05,,,127.0,False,1.004496299738535,0.0011680547120646832,0.9771851576036467,,112610.0,112999.0,3709,DL1_datacheck_20260212.h5,/fefs/onsite/data/lst-pipe/LSTN-01/DL1/20260212/v0.11/tailcut84/dl1_LST-1.Run23659.0069.h5,/fefs/onsite/data/lst-pipe/LSTN-01/DL2/20260212/v0.11/tailcut84/nsb_tuning_0.22/dl2_LST-1.Run23659.h5,/fefs/onsite/data/lst-pipe/LSTN-01/DL3/20260212/v0.11/tailcut84/nsb_tuning_0.22/0.11.4/std/20250212_v0.10.17_allsky_interp_dl2_irfs_nsb_0.22/src_indep/point/ring-wobble/gheff0.7_thetacont0.7/irf_interp/dl3_LST-1.Run23659.fits,51.06645493583368,41.97999954223633,2026-02-19 20:21:57,69.93622947871907,8.0,4.0,1.7631713383332568,73.86224887071545,10.022103380327414,0.0014002252076458558,0.40596715165148006,2.2631178472800335,1.8028002175231916,0.002838241850664226,2.0893826275213315e-05,6262.260632179981,4669.907238716441,38.92970425613696,41.72363557170067,1.6746716533978738,0.025277158179937077,-2.2676873561608546,0.09173433938506693,38.550393563382144,47.0705478209639,1.7254646908480016,0.026041110596245403,-2.2472748892473606,0.5094076029851499,420.40887403603136,0.9932963156593431,0.19735945999890925,0.017484517808410198,0.07420882906531874,0.020571823754062718,1.0166959548288224,0.09491616436752098,2049.035242798221,12.817754780613482,1.4152655840422435,9.61666965532499,793.4842495520271,44.802119249514796,10.193034844639731,15.694627981020366,10.222856837391364,0.019999999999999997,0.74,0.0,-165.73679099489823,1.0221065527398394,0.5202659787458209,,0.39574282447675796,ly_b3,0.9771851576036467,
23660,131,2026-02-12 22:47:56.671575,1194.1115093231201,1194.1115093231201,23.586843559263748,21.457464525570074,25.74201220075122,259.7528244747338,83.9925863503393,22.24541667569616,7400055,0.9926050290612688,0.012277567381286875,0.9986573123553939,-7.5688949485537134e-06,0.001571844054150718,2.1341701123817127e-06,299.11835201279666,6.661338147750939e-16,127.0,False,1.0001282958539044,1.3183705290645836e-05,0.006478522928295095,9.462417133646386e-06,,,127.0,False,1.0058809444070256,0.0011851089375138225,0.9921217132744602,,112874.0,113369.0,3833,DL1_datacheck_20260212.h5,/fefs/onsite/data/lst-pipe/LSTN-01/DL1/20260212/v0.11/tailcut84/dl1_LST-1.Run23660.0117.h5,/fefs/onsite/data/lst-pipe/LSTN-01/DL2/20260212/v0.11/tailcut84/nsb_tuning_0.22/dl2_LST-1.Run23660.h5,/fefs/onsite/data/lst-pipe/LSTN-01/DL3/20260212/v0.11/tailcut84/nsb_tuning_0.22/0.11.4/std/20250212_v0.10.17_allsky_interp_dl2_irfs_nsb_0.22/src_indep/point/ring-wobble/gheff0.7_thetacont0.7/irf_interp/dl3_LST-1.Run23660.fits,51.302471160282565,41.97999954223633,2026-02-19 20:21:57,66.41315644073626,8.0,4.0,1.7681074702116018,73.83694374817269,10.027841656524178,0.0014245388839922392,0.4064643207298333,2.289136545672616,1.8242623564622185,0.003292536756061929,6.462319507801695e-05,6197.122247146506,4557.150615761709,39.11155876419289,39.551375613605174,1.6508688794551605,0.025289481001499158,-2.2860061270408405,0.09292655701071967,38.58448494517589,46.77964868335498,1.7233463915447575,0.026394101583322387,-2.2572787730208006,0.49958988500670626,420.21573401197975,0.9926050290612688,0.19686302854055457,0.016786285683063923,0.07391000785199207,0.02042470189961021,1.0172945347307707,0.09512403228633796,2043.8370658521105,13.016895105517465,1.4159466581294953,9.918817046939004,793.3690401121447,45.136817024572885,7.413026240633789,10.185043492582444,7.4702695421765295,0.02,0.74,0.0,-165.40171743227174,1.0072699187348584,0.46590846729659746,,0.40411971243981326,ly_b3,0.9921217132744602,
23661,122,2026-02-12 23:08:04.981878,1192.6844968795776,1192.6844968795776,28.731121393999324,26.48396650733426,30.895298154034563,263.09533866695284,83.28784214996774,21.787280851726468,6890367,0.9919615219748142,0.013072472220028681,0.9903500186568952,1.4197488329542679e-05,0.0019536629172621865,2.5893776763452066e-06,366.86678837074317,0.0,118.0,False,1.0137946326689782,4.430166449042459e-06,0.0074973297517968865,1.0987330096072113e-05,,,118.0,False,1.001260161777086,0.001284516270785752,0.9838469520635557,,113250.0,113623.0,3585,DL1_datacheck_20260212.h5,/fefs/onsite/data/lst-pipe/LSTN-01/DL1/20260212/v0.11/tailcut84/dl1_LST-1.Run23661.0113.h5,/fefs/onsite/data/lst-pipe/LSTN-01/DL2/20260212/v0.11/tailcut84/nsb_tuning_0.22/dl2_LST-1.Run23661.h5,/fefs/onsite/data/lst-pipe/LSTN-01/DL3/20260212/v0.11/tailcut84/nsb_tuning_0.22/0.11.4/std/20250212_v0.10.17_allsky_interp_dl2_irfs_nsb_0.22/src_indep/point/ring-wobble/gheff0.7_thetacont0.7/irf_interp/dl3_LST-1.Run23661.fits,51.89729503753844,41.97999954223633,2026-02-19 20:21:57,61.26887860600069,8.0,4.0,1.758698135473915,73.44390804329868,9.985993054394298,0.0014965887498984516,0.40622813345625475,2.2555714506040845,1.7967842523852464,0.0026949675678848524,2.0353541300971006e-05,5777.191720046063,4401.81625042962,39.660163806253294,36.90745593260193,1.6089501195561278,0.025848244006863037,-2.2829246659311635,0.0978383109684592,38.847583935087684,47.129955664938514,1.7225668356350332,0.027664226010005306,-2.238968734203949,0.45243908768624874,420.10382286858436,0.991961521974814,0.19714916738302518,0.016034227086065153,0.07397918912095411,0.019593240555903328,1.0226962379192828,0.09412230693535145,2061.3332683594595,13.069476189246656,1.4033313802427596,9.55829247078957,793.30385131352,44.78342229840986,8.308987321373236,12.555994743809297,8.237455918752254,0.019999999999999997,0.74,0.0,-165.06646788646412,1.0162113715365104,0.5764226514525252,,0.3938971977921557,ly_b3,0.9838469520635557,
23662,40,2026-02-12 23:28:13.462918,387.4023480415344,387.4023480415344,30.890132540189782,30.16258998549778,31.596033742164515,265.6589090553197,83.99555873512543,22.246161529069518,2220766,0.9928718034673581,0.012654948047712318,1.0004223497159501,-1.5845607060437185e-05,0.0027123884651408846,1.1894321138762536e-05,47.536103163095504,0.09453104610087926,36.0,False,1.0302218558428509,-7.451150179794314e-05,0.011136946395926616,5.0308902732009337e-05,,,36.0,False,1.0025830205682873,0.0022327620637006803,0.9841867193086224,,36783.0,36964.0,1165,DL1_datacheck_20260212.h5,/fefs/onsite/data/lst-pipe/LSTN-01/DL1/20260212/v0.11/tailcut84/dl1_LST-1.Run23662.0030.h5,/fefs/onsite/data/lst-pipe/LSTN-01/DL2/20260212/v0.11/tailcut84/nsb_tuning_0.22/dl2_LST-1.Run23662.h5,/fefs/onsite/data/lst-pipe/LSTN-01/DL3/20260212/v0.11/tailcut84/nsb_tuning_0.22/0.11.4/std/20250212_v0.10.17_allsky_interp_dl2_irfs_nsb_0.22/src_indep/point/ring-wobble/gheff0.7_thetacont0.7/irf_interp/dl3_LST-1.Run23662.fits,52.13715119456483,41.97999954223633,2026-02-19 20:21:57,59.10986745981021,8.0,4.0,1.7700550495223475,72.9157494329227,9.960327563085134,0.0012879874774537811,0.40649930957749714,2.287715330766918,1.8227741352609814,0.00312185626974749,1.4774437632084913e-05,5732.453639547652,4342.041313130234,39.698192163671045,35.61874052309951,1.5895440646600008,0.024887730337461396,-2.301577824663727,0.09536582954295311,38.742378482146115,46.95412359997113,1.7239056459186568,0.02698830983777423,-2.2501560593755126,0.49823220951627334,420.28882007736837,0.9928718034673583,0.19777375511903783,0.01562530731758409,0.07494824435353223,0.019589995551462094,1.0194290995285833,0.09601414660120419,2055.332427308604,12.94391633884348,1.421452116474916,8.77447308617597,793.1611293664552,41.80305056822859,10.773272625036121,15.128190973648174,10.97093712674433,0.02,0.74,0.0,-164.84291383535316,1.0158421508472948,0.5262642113105614,,0.40681356637705945,ly_b3,0.9841867193086224,
23664,132,2026-02-13 00:02:42.339020,1200.439695596695,1200.439695596695,40.71787956292683,38.536508626270745,42.90768596233666,270.6724423086363,83.2913699155543,21.788276265611035,7479945,0.9873021961100188,0.014080231962180419,0.9847627232873096,3.934988279919226e-06,0.0018894039912394213,2.6424591482826648e-06,189.4997396699892,0.0003387890460148091,128.0,False,1.017027285451613,-7.506857301773491e-06,0.007940145858237276,1.157946823118792e-05,,,128.0,False,1.0130628274098668,0.0013461421006762102,0.987608050835698,,113682.0,114066.0,3546,DL1_datacheck_20260212.h5,/fefs/onsite/data/lst-pipe/LSTN-01/DL1/20260212/v0.11/tailcut84/dl1_LST-1.Run23664.0114.h5,/fefs/onsite/data/lst-pipe/LSTN-01/DL2/20260212/v0.11/tailcut84/nsb_tuning_0.22/dl2_LST-1.Run23664.h5,/fefs/onsite/data/lst-pipe/LSTN-01/DL3/20260212/v0.11/tailcut84/nsb_tuning_0.22/0.11.4/std/20250212_v0.10.17_allsky_interp_dl2_irfs_nsb_0.22/src_indep/point/ring-wobble/gheff0.7_thetacont0.7/irf_interp/dl3_LST-1.Run23664.fits,51.6585423350497,41.97999954223633,2026-02-19 20:21:57,49.28212043707317,8.0,4.0,1.7904816675774538,73.67401266623078,9.994052256172195,0.001415334481810124,0.4053880309872913,2.2737453305306867,1.8128008798645046,0.0017960577782861855,9.78197002946896e-07,6231.004379009635,4160.962036095595,39.41493095152333,34.1757373909865,1.4493531644009343,0.0254919083615499,-2.352913948405634,0.10674761711010079,37.29781406447383,49.983592815036886,1.7118277836610343,0.030119747713366982,-2.2567712838133747,0.4482331383877966,418.97923033053604,0.9873021961100188,0.19730836940664426,0.015914454700270263,0.07382958905865443,0.020368519039663267,1.026189195514748,0.0966093922520281,2057.8462070294163,12.782918957041913,1.3725690010773974,9.310735573715458,793.0866572668822,43.794294676638515,8.095895628853846,11.86256370856267,8.117282339685234,0.03969631346342433,1.1309513497282386,0.0,-164.15521768913442,1.0119336174276519,0.548457632530048,,0.3906598562605884,ly_b3,0.987608050835698,
23665,130,2026-02-13 00:22:53.571249,1194.0655999183655,1194.0655999183655,44.373680330960255,42.19533461134684,46.53913415436071,273.26317194809917,83.99993260147923,22.24755284190458,7394810,0.9878977457885239,0.013265068868595478,0.9982412773007143,-1.7521483274665715e-05,0.0015458971527468027,1.8252669469030636e-06,372.8128753615685,0.0,126.0,False,1.0145649914982235,-1.5870188413508403e-05,0.008726325408973074,1.2799289137306068e-05,,,126.0,False,1.0123607109905035,0.0013045917821469682,0.9949233545690328,,112761.0,113211.0,3668,DL1_datacheck_20260212.h5,/fefs/onsite/data/lst-pipe/LSTN-01/DL1/20260212/v0.11/tailcut84/dl1_LST-1.Run23665.0123.h5,/fefs/onsite/data/lst-pipe/LSTN-01/DL2/20260212/v0.11/tailcut84/nsb_tuning_0.22/dl2_LST-1.Run23665.h5,/fefs/onsite/data/lst-pipe/LSTN-01/DL3/20260212/v0.11/tailcut84/nsb_tuning_0.22/0.11.4/std/20250212_v0.10.17_allsky_interp_dl2_irfs_nsb_0.22/src_indep/point/ring-wobble/gheff0.7_thetacont0.7/irf_interp/dl3_LST-1.Run23665.fits,52.74165272677633,41.97999954223633,2026-02-19 20:21:57,45.626319669039745,8.0,4.0,1.8176402152643594,73.60926692583334,10.01908606054268,0.0014397061707513473,0.40702333919897077,2.3401110058569796,1.8654196121101094,0.0031209950464390363,1.4084607597845915e-05,6192.9679579627455,4047.672925449347,40.04762263802652,32.781909003235405,1.3862025425717746,0.02288367544559323,-2.372057766882127,0.10031297672527598,37.14177621372474,49.13780389249103,1.712969551707982,0.028277870264413703,-2.2546180072231325,0.5143376251526172,419.0531405819221,0.9878977457885239,0.1971811490935729,0.017383722957776408,0.0736517038906403,0.02074628567210312,1.0251151409533739,0.09919896889943448,2043.9406608018342,12.883515285352011,1.4159987350220802,8.966328852716103,793.1555099469354,42.365944332497534,6.867162707964091,10.530220302545972,6.876111849961554,0.09000000000000001,1.0975336679284906,0.0,-163.81918464413013,1.002527144392943,0.5386899794092705,,0.4109464150482315,ly_b3,0.9949233545690328,
23666,122,2026-02-13 00:43:02.838257,1191.483493566513,1187.6649181594453,49.559299436958405,47.29414003427532,51.71282180612092,275.10446992347386,83.2959831902238,21.789890494177072,6908509,0.9904790165271352,0.013522409712544013,0.996943690105475,-1.318012214809464e-06,0.0015265344262372943,2.3925390690281923e-06,396.6552737837951,0.0,118.0,False,1.0036926602866152,-3.5424285576465524e-06,0.008082266842833852,1.1807528718467103e-05,,,118.0,False,1.0038548657041837,0.0013648150542635731,0.9984172684891198,,112728.0,113089.0,3320,DL1_datacheck_20260212.h5,/fefs/onsite/data/lst-pipe/LSTN-01/DL1/20260212/v0.11/tailcut84/dl1_LST-1.Run23666.0096.h5,/fefs/onsite/data/lst-pipe/LSTN-01/DL2/20260212/v0.11/tailcut84/nsb_tuning_0.22/dl2_LST-1.Run23666.h5,/fefs/onsite/data/lst-pipe/LSTN-01/DL3/20260212/v0.11/tailcut84/nsb_tuning_0.22/0.11.4/std/20250212_v0.10.17_allsky_interp_dl2_irfs_nsb_0.22/src_indep/point/ring-wobble/gheff0.7_thetacont0.7/irf_interp/dl3_LST-1.Run23666.fits,54.096341777965804,41.97999954223633,2026-02-19 20:21:57,40.44070056304158,8.0,4.0,1.8374012561471846,72.72433562091176,9.943886798366428,0.001488282024215309,0.40728409545971705,2.337279582938882,1.8637688099835192,0.002379174898564718,6.888615233327648e-06,5816.8839496465835,3915.653252776864,41.420327004963916,32.50202919368287,1.282423505131024,0.02154308733346687,-2.3924524549995105,0.10213023300061252,37.35687802281585,49.25214466878673,1.7193198623466592,0.028857743287300383,-2.239905496204083,0.5183122561851131,419.74605561352377,0.9904790165271352,0.19615850475661117,0.01589280576345212,0.07334159111822071,0.020139925994990412,1.02965377453055,0.0990410628225917,2049.2158787808,13.014496948345109,1.3963639129372212,8.67991546291642,793.1156659149233,41.66319412021828,5.4626026684379685,7.186163553458116,5.679055638419707,0.08999999999999998,0.830162799174597,0.0,-163.48324160886438,1.0005294227864465,0.5309133106019204,,0.3862467634270214,ly_b3,0.9984172684891198,
23667,110,2026-02-13 01:03:07.232185,1126.268191576004,1121.446034183105,53.05028339369115,50.99706591464845,55.079015411135146,277.3530755441448,84.00438622789434,22.249272124443962,6207198,0.9921565325250207,0.014062552943418639,1.0003256794454072,1.7568036679223138e-06,0.0015578862938929916,2.881101310606251e-06,892.0599255469045,0.0,106.0,False,0.9925553662404321,-1.2979566454439502e-07,0.01233322840591492,1.9426049353802407e-05,,,106.0,False,0.9986894202352998,0.0014491959076510272,1.0075744944912406,,106697.0,107023.0,3071,DL1_datacheck_20260212.h5,/fefs/onsite/data/lst-pipe/LSTN-01/DL1/20260212/v0.11/tailcut84/dl1_LST-1.Run23667.0016.h5,/fefs/onsite/data/lst-pipe/LSTN-01/DL2/20260212/v0.11/tailcut84/nsb_tuning_0.22/dl2_LST-1.Run23667.h5,/fefs/onsite/data/lst-pipe/LSTN-01/DL3/20260212/v0.11/tailcut84/nsb_tuning_0.22/0.11.4/std/20250212_v0.10.17_allsky_interp_dl2_irfs_nsb_0.22/src_indep/point/ring-wobble/gheff0.7_thetacont0.7/irf_interp/dl3_LST-1.Run23667.fits,55.23056483741821,41.97999954223633,2026-02-19 20:21:57,36.94971660630883,8.0,4.0,1.8622299622906355,72.98627411949259,10.016014074378463,0.0016464236320316032,0.40894951698774973,2.3870938423621015,1.9062317245482072,0.0031648836679167985,5.883525278336188e-05,5534.99482881627,3819.144095613874,41.85763378738716,32.39024245999657,1.1985060294917413,0.020708025528703055,-2.444725157928686,0.10527607024295403,37.287130144345966,48.49493721946396,1.7226855505685408,0.02978935222710603,-2.26512020857413,0.4863790574104066,419.95936314485874,0.9921565325250207,0.19753834224806652,0.016722955143872863,0.07405591019833697,0.020906217314948506,1.0336370427967878,0.09811261081871288,2058.2140296377993,13.579491612991012,1.3542198953576576,8.399843855671401,792.8989207952769,32.75638235573794,4.313095429604082,6.0014977210082945,4.418240292704097,0.08999999999999998,0.8005524961188848,0.0,-163.1577729686632,0.991966423478775,0.513136502610104,,0.41532625907442594,ly_b3,1.0075744944912406,
23668,110,2026-02-13 01:23:36.634983,1177.1722898483276,1177.1722898483276,58.355570646740986,56.24669514446254,60.477067558578625,279.1833281559199,83.30108019078972,21.792332251894884,6176524,0.9945358809900346,0.015514512386435461,1.0086524454966064,-2.18702710178703e-05,0.0016798182237278373,2.430245080544051e-06,213.73590189419122,2.909461893629839e-09,106.0,False,1.004950351771261,-2.711478237623539e-05,0.009989284151758645,1.4813323730649455e-05,,,106.0,False,1.0041768534719842,0.00164071154394289,1.0110722103390224,,112336.0,112715.0,2929,DL1_datacheck_20260212.h5,/fefs/onsite/data/lst-pipe/LSTN-01/DL1/20260212/v0.11/tailcut84/dl1_LST-1.Run23668.0080.h5,/fefs/onsite/data/lst-pipe/LSTN-01/DL2/20260212/v0.11/tailcut84/nsb_tuning_0.22/dl2_LST-1.Run23668.h5,/fefs/onsite/data/lst-pipe/LSTN-01/DL3/20260212/v0.11/tailcut84/nsb_tuning_0.22/0.11.4/std/20250212_v0.10.17_allsky_interp_dl2_irfs_nsb_0.22/src_indep/point/ring-wobble/gheff0.7_thetacont0.7/irf_interp/dl3_LST-1.Run23668.fits,55.99989461271067,41.97999954223633,2026-02-19 20:21:57,31.644429353259014,8.0,4.0,1.8652995158839356,73.66617915864036,10.018994469170316,0.0015742938963714357,0.40674599892946056,2.374696895276756,1.8935244565772114,0.0027169745525382235,1.5099966822252024e-05,5246.915896054445,3631.3452473051116,42.74921539883835,32.757968162855086,1.0500080677275458,0.020190327078092266,-2.4839534503375043,0.11671618796497377,37.833431469330456,47.952352558671606,1.7275230351283775,0.03320481025653472,-2.2575631804511884,0.45189709037447084,420.67513622024313,0.9945358809900349,0.1964742660384461,0.017448373161980116,0.07370845527962525,0.020792480039313128,1.0382352594268507,0.09985276039661901,2061.3416989981083,13.23486492528029,1.3435422121648737,7.426378957805021,792.700573031859,41.12107890273235,5.714738948868802,7.3558565715318585,5.915839368080101,0.08999999999999997,0.8900000000000001,0.0,-162.81030173996783,0.9895221165317204,0.5316625081418886,,0.3809856362900573,ly_b3,1.0110722103390224,
23669,110,2026-02-13 01:43:25.176400,1193.6228404045105,1193.6228404045105,61.89602269458313,59.75422727782791,64.03156318139156,281.35980099350445,84.01126476033198,22.25245143832033,6172069,0.9864489224207219,0.014158907311557266,0.9958507722354965,-1.4543500495188489e-05,0.0016177341983001,2.00098317983523e-06,345.09297407364323,0.0,106.0,False,0.9704152344669758,-7.429810107284018e-06,0.010025228585033295,1.4616488692175857e-05,,,106.0,False,1.0129824897606567,0.0015127891102970992,1.035203316042439,,113783.0,114146.0,2634,DL1_datacheck_20260212.h5,/fefs/onsite/data/lst-pipe/LSTN-01/DL1/20260212/v0.11/tailcut84/dl1_LST-1.Run23669.0074.h5,/fefs/onsite/data/lst-pipe/LSTN-01/DL2/20260212/v0.11/tailcut84/nsb_tuning_0.22/dl2_LST-1.Run23669.h5,/fefs/onsite/data/lst-pipe/LSTN-01/DL3/20260212/v0.11/tailcut84/nsb_tuning_0.22/0.11.4/std/20250212_v0.10.17_allsky_interp_dl2_irfs_nsb_0.22/src_indep/point/ring-wobble/gheff0.7_thetacont0.7/irf_interp/dl3_LST-1.Run23669.fits,55.87093279585409,41.97999954223633,2026-02-19 20:21:57,28.103977305416873,8.0,4.0,1.8971934148995189,73.64250593630767,10.041863365250531,0.0017150628058958022,0.4087274356672541,2.4288171510413883,1.9381202371363742,0.003019726544496278,0.00012443532427585226,5170.87038809372,3460.9826991916443,42.37756517421927,32.56820371799372,0.9233806593614389,0.016242510619088678,-2.5215746892247193,0.10753736706263667,37.54536691305572,47.73555061574168,1.709378956377145,0.03017824774069679,-2.260046159877747,0.5420046381077065,418.6713606966913,0.9864489224207217,0.19728536066237723,0.016161411750094515,0.07426567304614992,0.020562755182361645,1.0487239000105633,0.0956911484911082,2084.5893248487946,13.606937933192691,1.2806290310383284,6.910300819598877,792.5490014278223,38.92043947501701,8.134984253766886,11.345781612643892,8.220757855553996,0.09,0.8900000000000002,0.0,-162.47712356339665,0.9642123001623604,0.5548205630291738,,0.42238514532706195,ly_b3,1.035203316042439,
23670,111,2026-02-13 02:03:33.367952,1194.4739141464233,1194.4739141464233,66.99164919039177,64.78084925509805,69.10789372041079,283.15025385737965,83.3108895836234,21.796697892141903,6248965,0.9746382353156087,0.01742376916588132,0.9763721587697882,-1.2099601130270726e-06,0.002558432216916145,3.9696117578503544e-06,162.40637845636283,0.00044391306248603435,107.0,False,0.9197369619959535,9.777533200861112e-05,0.012424505704675216,1.8098339712799058e-05,,,107.0,False,1.02495345624455,0.0018777147831137157,1.023973664793674,,113924.0,114315.0,2197,DL1_datacheck_20260212.h5,/fefs/onsite/data/lst-pipe/LSTN-01/DL1/20260212/v0.11/tailcut1005/dl1_LST-1.Run23670.0081.h5,/fefs/onsite/data/lst-pipe/LSTN-01/DL2/20260212/v0.11/tailcut1005/nsb_tuning_0.38/dl2_LST-1.Run23670.h5,/fefs/onsite/data/lst-pipe/LSTN-01/DL3/20260212/v0.11/tailcut1005/nsb_tuning_0.38/0.11.4/std/20250212_v0.10.17_allsky_interp_dl2_irfs_nsb_0.38/src_indep/point/ring-wobble/gheff0.7_thetacont0.7/irf_interp/dl3_LST-1.Run23670.fits,60.287657501582004,41.97999954223633,2026-02-19 20:21:57,23.008350809608217,10.0,5.0,1.953810641731442,73.17923825438754,10.013082949699868,0.0017032379209079274,0.4088681955600133,2.4853136818842043,1.9837717780652138,0.0031244223991570095,3.436083340606227e-05,5231.562553181029,2467.414285983907,45.97961856203375,23.191978143652136,0.6583435593160515,0.015535316815322442,-2.5585091083791522,0.1432102512501589,40.898783175018266,35.91407214597266,1.6853503985030234,0.03617763845954376,-2.2407326080714576,0.4673096400010053,416.0375065369248,0.9746382353156087,0.19779970432903124,0.015636412893021097,0.07531242154402026,0.01941204339033629,1.0536879479966879,0.09830790526246778,2085.9317022226132,13.707066981965356,1.3578808964437226,6.958506149995148,792.5916179252163,28.92888803892189,9.041129480222356,11.693812670843815,8.962530591899474,0.077148943729854,0.986382922026095,0.0,-162.1417469876697,0.977650427349097,0.5287541714917317,,0.371064270527317,ly_b3,1.023973664793674,
23671,57,2026-02-13 02:23:40.147866,615.2890529632568,615.2890529632568,69.46679422141611,68.34963381973623,70.53577789555447,284.84050242574784,84.01955216918509,22.2562694727429,3215863,0.9726164859387548,0.017737921657714463,0.9875459042130977,-3.279998618677088e-05,0.003204244720495466,9.303280695127481e-06,181.0585800576122,6.661338147750939e-16,53.0,False,0.8847577152547177,0.0012128425575449562,0.03733153428301996,0.0001362311294317836,,,41.0,False,1.0229733654414737,0.0026366615261287107,0.8693484819919155,,58734.0,58793.0,980,DL1_datacheck_20260212.h5,/fefs/onsite/data/lst-pipe/LSTN-01/DL1/20260212/v0.11/tailcut1005/dl1_LST-1.Run23671.0044.h5,/fefs/onsite/data/lst-pipe/LSTN-01/DL2/20260212/v0.11/tailcut1005/nsb_tuning_0.38/dl2_LST-1.Run23671.h5,/fefs/onsite/data/lst-pipe/LSTN-01/DL3/20260212/v0.11/tailcut1005/nsb_tuning_0.38/0.11.4/std/20250212_v0.10.17_allsky_interp_dl2_irfs_nsb_0.38/src_indep/point/ring-wobble/gheff0.7_thetacont0.7/irf_interp/dl3_LST-1.Run23671.fits,59.87210769974444,41.97999954223633,2026-02-19 20:21:57,20.5332057785839,10.0,5.0,1.9859123524554596,72.6406321741881,9.987489611049904,0.0017683819743903905,0.4101719141453248,2.529915515989239,2.0209944963200637,0.00323767463002798,7.484663395143957e-05,5226.589006438964,2236.9990061926137,45.615276902834225,21.776269146051096,0.5672492046218118,0.013157633092245685,-2.545445296979008,0.14076922366901407,40.72562816185466,35.880158360943554,1.681850789671849,0.03532775361933432,-2.1980425448374525,0.5216735093905733,415.5640952861225,0.9726164859387546,0.19773213973383566,0.014297962178011292,0.07538884199601922,0.01920225171853881,1.0642481245265751,0.09734883068800518,2088.250971282798,13.80560286547188,1.2954243316934755,7.183171771882954,792.6268437260576,28.640681745551678,10.167757894932496,12.845721499842709,10.242443596561623,0.05,1.19,0.0,-161.8869250546181,1.216709280612526,0.4961443812457818,,0.43088533690017594,ly_b3,0.8693484819919155,
23896,16,2026-02-23 23:02:14.877842,696.8269646167755,696.8269646167755,35.95455435979054,34.75997179685649,37.168858651525795,267.9894505557714,83.28950534427403,21.787806770065256,788929,0.840133637435195,0.009324418511963818,0.8470902726727573,-1.909815457912762e-05,0.005113310246831495,1.3289678489981876e-05,7.382776772038265,0.8313167621671719,12.0,False,0.9042227044917466,2.7462970145878595e-05,0.010215104780085957,2.7216315255152094e-05,,,12.0,False,1.1892938889743125,0.0034670682651139584,1.0950992975146245,,68799.0,69053.0,3984,DL1_datacheck_20260223.h5,/fefs/onsite/data/lst-pipe/LSTN-01/DL1/20260223/v0.11/tailcut1608/dl1_LST-1.Run23896.0009.h5,/fefs/onsite/data/lst-pipe/LSTN-01/DL2/20260223/v0.11/tailcut1608/nsb_tuning_1.76/dl2_LST-1.Run23896.h5,/fefs/onsite/data/lst-pipe/LSTN-01/DL3/20260223/v0.11/tailcut1608/nsb_tuning_1.76/0.11.4/std/20250212_v0.10.17_allsky_interp_dl2_irfs_nsb_1.76/src_indep/point/ring-wobble/gheff0.7_thetacont0.7/irf_interp/dl3_LST-1.Run23896.fits,157.37651554291205,41.9900016784668,2026-02-23 20:21:26,54.04544564020947,16.0,8.0,3.8582699249486607,70.19448045705604,10.61806653530499,0.0014438636310953167,0.4212429002229907,4.7968278884493225,3.8698047007540026,0.09805233679525514,1.596363267553382e-05,1132.1734663839775,1087.185253252414,120.11977787610384,4.761522687205282,0.8082873371650101,0.009536863694884807,-2.4984212942831885,0.071629534697273,115.82916992233879,6.674808346968408,1.3796217422985186,0.010735521948673452,-2.33517127133747,0.3730871593223073,382.0480611485174,0.840133637435195,0.25259481495614894,0.050272196628962665,0.15466925184410632,0.07461162213806717,0.9684614973466101,0.10429558640522722,1503.7593980026534,7.642322658088627,1.5798557941883933,7.468447948757044,791.8127243634111,35.281246704823396,12.5855846862022,14.53827421297734,12.473298631540407,18.05,0.75,0.0,2.7709699631145384,0.9138356832609722,0.6226522642183027,,0.39233734435014367,ly_b3,1.0950992975146245,
23897,27,2026-02-23 23:14:22.222187,1192.8206150531769,1192.8206150531769,38.753489465793926,36.65256034541484,40.93069271542378,270.37094795236436,83.99751282907401,22.246830234205305,1298775,0.828344945768138,0.008334852224565526,0.8418845039686551,-1.1882067011128037e-05,0.0024617992083458677,4.124461439319447e-06,41.954229572646085,0.009190568771072827,23.0,False,0.9034664018740075,9.175950720293254e-06,0.005542243290459323,8.192893259265511e-06,,,23.0,False,1.1975421798982802,0.0024868660614080777,1.1004455549505772,,117844.0,118165.0,6495,DL1_datacheck_20260223.h5,/fefs/onsite/data/lst-pipe/LSTN-01/DL1/20260223/v0.11/tailcut1608/dl1_LST-1.Run23897.0017.h5,/fefs/onsite/data/lst-pipe/LSTN-01/DL2/20260223/v0.11/tailcut1608/nsb_tuning_1.76/dl2_LST-1.Run23897.h5,/fefs/onsite/data/lst-pipe/LSTN-01/DL3/20260223/v0.11/tailcut1608/nsb_tuning_1.76/0.11.4/std/20250212_v0.10.17_allsky_interp_dl2_irfs_nsb_1.76/src_indep/point/ring-wobble/gheff0.7_thetacont0.7/irf_interp/dl3_LST-1.Run23897.fits,158.10299265611386,41.9900016784668,2026-02-23 20:21:26,51.246510534206074,16.0,8.0,3.7991910490862733,70.94099603201192,10.649346375776473,0.001416197633698168,0.4202917990508267,4.745616514263974,3.827374330915578,0.09391651579801918,1.825348841741856e-05,1088.8267553475337,1046.6418707429389,120.47198246407768,4.612237656016379,0.777265737176865,0.007369602102674978,-2.4573600357649528,0.0577061683456167,115.013493166793,6.636904485642005,1.3679752623546213,0.008524914689704588,-2.280556186471151,0.5402737299598225,379.71804601180935,0.8283449457681381,0.2517222085811793,0.043888640023676526,0.14648283435987347,0.06284700222963072,0.9735253255298607,0.10444227334615912,1561.9088053169748,8.402831927316319,1.4500494309596532,7.676916181667553,791.7488403154597,34.587420172697506,12.960881368297962,14.575995506784507,12.865029455623654,12.337623170098649,0.681995513929746,0.0,3.04174061343887,0.9079253811237705,0.5547381106707836,,0.4086860062242711,ly_b3,1.1004455549505772,
23898,28,2026-02-23 23:37:58.421903,1340.6980197429657,1340.6980197429657,44.96952839603426,42.60578689944187,47.41852402359556,272.868549676229,83.29320500212779,21.788869593645778,1324656,0.8067059496930441,0.008782547238987724,0.8216481832778927,-1.9118079098452667e-05,0.0020486049488193793,2.7459238684268847e-06,70.66082672144057,1.7356733909013045e-06,24.0,False,0.9174220192027231,-1.579955483214225e-05,0.005651523337646726,7.440444529805146e-06,,,24.0,False,1.235750399730641,0.0029599975844872917,1.1023294011342595,,132551.0,132962.0,6787,DL1_datacheck_20260223.h5,/fefs/onsite/data/lst-pipe/LSTN-01/DL1/20260223/v0.11/tailcut1608/dl1_LST-1.Run23898.0007.h5,/fefs/onsite/data/lst-pipe/LSTN-01/DL2/20260223/v0.11/tailcut1608/nsb_tuning_1.76/dl2_LST-1.Run23898.h5,/fefs/onsite/data/lst-pipe/LSTN-01/DL3/20260223/v0.11/tailcut1608/nsb_tuning_1.76/0.11.4/std/20250212_v0.10.17_allsky_interp_dl2_irfs_nsb_1.76/src_indep/point/ring-wobble/gheff0.7_thetacont0.7/irf_interp/dl3_LST-1.Run23898.fits,159.19900105492093,41.9900016784668,2026-02-23 20:21:26,45.03047160396574,16.0,8.0,3.7568850897592796,71.16232839294003,10.633924720348004,0.001350747873195828,0.41927438722254784,4.677712259720921,3.772823571475052,0.08881363107456153,5.086646132857488e-05,988.0345763872754,951.026242467671,120.9248476717785,4.260612166253722,0.7002970916685418,0.006317102066163898,-2.426392040290104,0.05478826791877197,111.7709055825281,6.403606311847254,1.3414570793202267,0.007856740144933242,-2.214172787359736,0.6123869201519045,375.1820618748975,0.8067059496930439,0.2519051894863677,0.04162343184480396,0.13967181799909636,0.052948569480115656,0.975602403170926,0.10525915229657694,1614.2025795551033,8.870735698407007,1.4686650139405415,7.304467395544903,791.6809978363119,34.76160558645463,12.847936537455045,14.340775040940958,12.667023251364089,11.329999999999998,0.6358670926559793,0.0,3.455196196004278,0.906574442257005,0.5962623619133819,,0.3889326500065913,ly_b3,1.1023294011342595,
23955,91,2026-03-10 22:12:21.169603,829.7072653770447,825.7926096965869,37.48141221465892,35.983647338064856,38.98921102910318,269.6772467110021,83.99708758826876,22.246579399094824,5200139,0.9655663446066004,0.012449213810574043,0.9624144919313372,8.584816179828188e-06,0.001818585197881817,3.455826836794416e-06,200.29510020062264,6.385192374835924e-11,87.0,False,0.9775867324782596,5.705857629313846e-06,0.008303135869459069,1.7778151562429777e-05,,,87.0,False,1.0352799627023064,0.0015464748755831756,1.0204923250621423,,78189.0,78350.0,2679,DL1_datacheck_20260310.h5,/fefs/onsite/data/lst-pipe/LSTN-01/DL1/20260310/v0.11/tailcut84/dl1_LST-1.Run23955.0025.h5,/fefs/onsite/data/lst-pipe/LSTN-01/DL2/20260310/v0.11/tailcut84/nsb_tuning_0.22/dl2_LST-1.Run23955.h5,/fefs/onsite/data/lst-pipe/LSTN-01/DL3/20260310/v0.11/tailcut84/nsb_tuning_0.22/0.11.4/std/20250212_v0.10.17_allsky_interp_dl2_irfs_nsb_0.22/src_indep/point/ring-wobble/gheff0.7_thetacont0.7/irf_interp/dl3_LST-1.Run23955.fits,51.18432701133696,42.869998931884766,2026-03-09 20:31:11,52.518587785341076,8.0,4.0,1.7909524953720937,73.74734465283872,10.005433774684484,0.0013479063439108287,0.40525055441355284,2.3112901857519996,1.8418154945422547,0.003062095588229513,8.728862222359211e-06,6297.148871204645,4198.546898202316,38.941630935360436,34.66979520654288,1.4581192273596582,0.022854053413357882,-2.3330378428293317,0.09508625181530046,37.362744800282414,49.328986363164034,1.66555959427518,0.02608023981700965,-2.253608527893263,0.5388562865218359,413.8755076894535,0.9655663446066002,0.19421363867043376,0.01638268697173667,0.0752889885890132,0.020867958411766318,1.0192751797112496,0.0969225622071355,2013.2813496447131,11.783673104159933,1.4090872736168276,6.8427097801270955,787.6995069887479,52.23324762377855,12.779440373614642,17.83672443163323,12.822931779849618,0.036845887137253355,3.0236013269413187,0.0,25.799800835583515,0.9794444142993568,0.47974187024305753,,0.40821946095651096,ly_b3,1.0204923250621423,
23956,120,2026-03-10 22:26:22.064391,1209.373780965805,1195.1442365417033,42.01309973107934,39.343899402950704,44.230766084431735,271.36087581647865,83.29531273420176,21.790009362036795,6820035,0.9668347053599783,0.013275821758545971,0.966651770590367,5.407615404006998e-06,0.0011629008264283209,1.9677748880280126e-06,249.48361533687722,8.919087690628658e-12,116.0,False,0.9761757704107898,2.3453128194496252e-06,0.007727406710220805,1.1335774777692121e-05,,,116.0,False,1.0310595580451232,0.0014108662701412316,1.0229393341447874,,113465.0,113756.0,3676,DL1_datacheck_20260310.h5,/fefs/onsite/data/lst-pipe/LSTN-01/DL1/20260310/v0.11/tailcut84/dl1_LST-1.Run23956.0077.h5,/fefs/onsite/data/lst-pipe/LSTN-01/DL2/20260310/v0.11/tailcut84/nsb_tuning_0.22/dl2_LST-1.Run23956.h5,/fefs/onsite/data/lst-pipe/LSTN-01/DL3/20260310/v0.11/tailcut84/nsb_tuning_0.22/0.11.4/std/20250212_v0.10.17_allsky_interp_dl2_irfs_nsb_0.22/src_indep/point/ring-wobble/gheff0.7_thetacont0.7/irf_interp/dl3_LST-1.Run23956.fits,52.37811590601626,42.869998931884766,2026-03-09 20:31:11,47.98690026892065,8.0,4.0,1.7984020436063723,73.04324624906587,9.946962422037938,0.001386948015509108,0.40619019112475585,2.294147218203064,1.8290086316094791,0.0023431000189612305,2.840774728373544e-05,5706.453490278805,4065.876612567708,39.70617600247931,32.878921486501525,1.3907292649796001,0.023214916295702704,-2.3706284096814803,0.10153519594211267,37.319574270708685,48.55181176559038,1.667560528043179,0.027840557289300936,-2.267248403191351,0.4711528938368855,414.09877235674577,0.9668347053599783,0.1931462643160025,0.017251905463993567,0.0741946714792139,0.021253010170300582,1.0229458920644734,0.09809415533448677,2009.7707483711365,12.492952865046844,1.4508997589573664,7.489716831116186,787.6652348868795,48.907273782722896,16.469609562006855,20.18292612753537,16.172386164881665,0.03,2.8729043879099225,0.0,26.08555479136675,0.977325367790255,0.5484326883663454,,0.38667961092423553,ly_b3,1.0229393341447874,
23957,118,2026-03-10 22:46:42.997589,1208.0457446575165,1196.3333689620097,45.73339626546827,43.50450402153682,47.91472575916088,273.92367613955594,83.99778121674993,22.24585886142475,6696421,0.9665586499775388,0.012546630378424049,0.9727087691723296,-1.3345584508067349e-06,0.0016788910960986467,2.4010579656117874e-06,198.86444438537652,1.4958787705188215e-06,114.0,False,0.9775660349368626,2.618348758892091e-06,0.0077901353290889645,1.1238906133135957e-05,,,114.0,False,1.0289072466814344,0.0013155210059757193,1.0213024399016382,,113608.0,113906.0,3594,DL1_datacheck_20260310.h5,/fefs/onsite/data/lst-pipe/LSTN-01/DL1/20260310/v0.11/tailcut84/dl1_LST-1.Run23957.0081.h5,/fefs/onsite/data/lst-pipe/LSTN-01/DL2/20260310/v0.11/tailcut84/nsb_tuning_0.22/dl2_LST-1.Run23957.h5,/fefs/onsite/data/lst-pipe/LSTN-01/DL3/20260310/v0.11/tailcut84/nsb_tuning_0.22/0.11.4/std/20250212_v0.10.17_allsky_interp_dl2_irfs_nsb_0.22/src_indep/point/ring-wobble/gheff0.7_thetacont0.7/irf_interp/dl3_LST-1.Run23957.fits,53.476313398096416,42.869998931884766,2026-03-09 20:31:11,44.266603734531735,8.0,4.0,1.823987481650469,73.60288149107146,10.007085296286858,0.0014241594224645088,0.4066153853445197,2.3515763098652944,1.8750883502881601,0.0032396924639548964,0.00010074349357184088,5597.453998804784,3954.1729109373528,40.536433307900786,31.99931817805405,1.32389114263647,0.02087813464124029,-2.377401590306951,0.09585624033242698,37.298369101400496,48.266838216232856,1.667762350442471,0.026312740516320158,-2.251323341683423,0.5179376176378754,414.0777393034143,0.9665586499775388,0.193241237367841,0.01653748206596649,0.0747194253629064,0.02081811823025538,1.0268255238496886,0.09793084141363724,2003.6864656843657,12.602988288932396,1.3611696195020961,6.790126289384325,787.6651608441825,51.051139734088316,17.750613813673333,22.660622205197317,17.577241347108323,0.029999999999999995,2.590794681098533,0.0,26.426159565884845,0.9779140608852619,0.5516740842556411,,0.4083484912503849,ly_b3,1.0213024399016382,
23958,63,2026-03-10 23:07:01.591007,663.0818247795105,663.0818247795105,49.94633305520921,48.53880645750417,51.14241741731268,275.29133677647354,83.29839255243724,21.79072381423636,3568730,0.9632480159188744,0.012411653196469422,0.9569803835595895,1.308813013022425e-05,0.002381978533022815,5.806238085722517e-06,166.05709247414867,4.0211167728898545e-12,59.0,False,0.9741934018203645,-4.380490354411046e-05,0.010604092598650493,2.8136470376404042e-05,,,59.0,False,1.0402888081413764,0.0018554933443508956,1.0419529539838588,,63109.0,63209.0,1903,DL1_datacheck_20260310.h5,/fefs/onsite/data/lst-pipe/LSTN-01/DL1/20260310/v0.11/tailcut84/dl1_LST-1.Run23958.0018.h5,/fefs/onsite/data/lst-pipe/LSTN-01/DL2/20260310/v0.11/tailcut84/nsb_tuning_0.22/dl2_LST-1.Run23958.h5,/fefs/onsite/data/lst-pipe/LSTN-01/DL3/20260310/v0.11/tailcut84/nsb_tuning_0.22/0.11.4/std/20250212_v0.10.17_allsky_interp_dl2_irfs_nsb_0.22/src_indep/point/ring-wobble/gheff0.7_thetacont0.7/irf_interp/dl3_LST-1.Run23958.fits,54.723559045165246,42.869998931884766,2026-03-09 20:31:11,40.053666944790784,8.0,4.0,1.836077820275415,73.05483226941766,9.952018620561509,0.0015370997091116037,0.40781037547650334,2.3318366486433946,1.8601562305884927,0.002174470101280329,2.553956965303265e-06,5382.035620093618,3849.73302631063,41.325123976781875,32.02426012914963,1.2304874612471688,0.019313750303240222,-2.416274571182431,0.09522991812772796,37.19538448160273,48.52885248069678,1.6608021103057709,0.026043722255611117,-2.260989201880994,0.538360822475915,413.30741580454327,0.9632480159188744,0.1927795963835578,0.01667116330432622,0.07440520385251431,0.021142344408843473,1.0316882877130023,0.09767946408710526,2011.3147562001395,13.008363907811905,1.422302702013,6.347970484024376,787.6093006200869,52.36221768944994,16.155667324830482,21.700473310929667,15.079121896754302,0.0438564373926878,2.6642960376216203,0.0,26.688598415507897,0.9571795430187552,0.5256024569191524,,0.38394924103824385,ly_b3,1.0419529539838588,
23992,124,2026-03-12 21:27:15.780836,906.4943208694458,906.4943208694458,29.464328948979052,27.82570672796873,31.115890828582017,264.6540517404964,83.99436169244493,22.245898463890622,7078943,0.9491071511860637,0.013551126037139224,0.9525508674843626,1.2576760069432949e-06,0.0019742513087108353,3.7038432882325736e-06,278.5805689892513,1.2323475573339238e-14,120.0,False,0.9460024198375626,4.455268342565741e-06,0.007311156706069984,1.4083723738635305e-05,,,120.0,False,1.0491897856806365,0.0014703801912532453,1.0548469858122511,,84691.0,84959.0,3098,DL1_datacheck_20260312.h5,/fefs/onsite/data/lst-pipe/LSTN-01/DL1/20260312/v0.11/tailcut1005/dl1_LST-1.Run23992.0028.h5,/fefs/onsite/data/lst-pipe/LSTN-01/DL2/20260312/v0.11/tailcut1005/nsb_tuning_0.38/dl2_LST-1.Run23992.h5,/fefs/onsite/data/lst-pipe/LSTN-01/DL3/20260312/v0.11/tailcut1005/nsb_tuning_0.38/0.11.4/std/20250212_v0.10.17_allsky_interp_dl2_irfs_nsb_0.38/src_indep/point/ring-wobble/gheff0.7_thetacont0.7/irf_interp/dl3_LST-1.Run23992.fits,56.77994070613051,44.15999984741211,2026-03-14 02:39:38,60.535671051020934,10.0,5.0,1.9576673952306163,73.8478322077224,10.057471477110882,0.0012087546290459937,0.40403950588102555,2.513416052785033,2.007495346148456,0.004114053290038718,1.1938583062864825e-05,7809.142139148069,3484.989290357595,43.528130434578145,25.25582722690656,1.368533819073986,0.026118126495549215,-2.350710815285049,0.1163360507407763,42.58628384368071,32.6126852483641,1.626262505752435,0.028078362495064794,-2.304314998659417,0.501744322415713,409.76055499303254,0.9491071511860637,0.19576392907623405,0.015700459228854553,0.07986648381964656,0.019975981047299782,1.016970625861748,0.09641400677990174,1978.5048335876604,10.806037042591889,1.402400712753804,3.425636310847483,784.2313982726607,41.18441566879717,10.829208381123037,12.707485599275056,10.910489337097395,1.04,1.187623206438121,0.0,-29.081238226605077,0.9480075339850021,0.4898235465632205,,0.4057491808893941,ly_b3,1.0548469858122511,
23993,140,2026-03-12 21:42:33.110747,1215.2573964595795,1215.2573964595795,34.141431816958615,31.132291592337268,36.35728070501662,266.871297073559,83.29451540502312,21.790702041428414,7997229,0.950439077772341,0.012519315942286464,0.9500758085392138,2.2375080976507405e-06,0.0015651822804725892,2.2877456952650717e-06,367.9776550606566,0.0,136.0,False,0.9349188045377186,1.2765526981066095e-05,0.007168070025897312,1.0445632555092262e-05,,,136.0,False,1.0510537323231568,0.0012767688574483506,1.0608895245221328,,114662.0,114931.0,4112,DL1_datacheck_20260312.h5,/fefs/onsite/data/lst-pipe/LSTN-01/DL1/20260312/v0.11/tailcut84/dl1_LST-1.Run23993.0123.h5,/fefs/onsite/data/lst-pipe/LSTN-01/DL2/20260312/v0.11/tailcut84/nsb_tuning_0.22/dl2_LST-1.Run23993.h5,/fefs/onsite/data/lst-pipe/LSTN-01/DL3/20260312/v0.11/tailcut84/nsb_tuning_0.22/0.11.4/std/20250212_v0.10.17_allsky_interp_dl2_irfs_nsb_0.22/src_indep/point/ring-wobble/gheff0.7_thetacont0.7/irf_interp/dl3_LST-1.Run23993.fits,50.13319809115109,44.15999984741211,2026-03-14 02:39:38,55.8585681830414,8.0,4.0,1.9308121440706236,73.09691933505754,9.980967884881718,0.0011584458721575256,0.40409630904070865,2.4499632851409165,1.9569741665147589,0.002823902795113231,7.1535913532515864e-06,6580.687369851359,4268.514649746085,38.05015357668159,35.16528295026611,1.4683168087354126,0.023450959608580513,-2.350309325807525,0.09722773730195708,36.865809319383246,48.288291725235936,1.6302017035378473,0.026035006883129163,-2.2859142675300683,0.5333184783551631,410.1135166464474,0.950439077772341,0.1946851358487685,0.015646115105178503,0.07847019949236979,0.02037675911121757,1.0226077921272059,0.09793247912264776,1992.2788915801948,10.573047618281107,1.390782669611214,3.141709132238189,784.3406316930699,48.35409927414234,12.433053212516066,14.778434524976717,12.374687893819322,1.04,1.171282783176392,0.0,-28.783638887644297,0.9425609361137028,0.4945445952905826,,0.3868712779727057,ly_b3,1.0608895245221328,
23994,132,2026-03-12 22:03:00.283989,1210.3769133090973,1210.3769133090973,37.86199535842122,35.649598147330074,40.07288952823342,269.8802924099652,83.99487394000563,22.24520017263816,7490294,0.9509688398143192,0.012676944183872626,0.9580137120284393,-8.31047819122813e-06,0.0013674789576146953,2.144650720583001e-06,362.36401455117334,0.0,128.0,False,0.9369961027049875,1.4006813082804559e-05,0.006828882484370001,9.88684226019945e-06,,,128.0,False,1.0493103627643312,0.001331067833432646,1.0577594131238883,,114322.0,114817.0,4069,DL1_datacheck_20260312.h5,/fefs/onsite/data/lst-pipe/LSTN-01/DL1/20260312/v0.11/tailcut84/dl1_LST-1.Run23994.0017.h5,/fefs/onsite/data/lst-pipe/LSTN-01/DL2/20260312/v0.11/tailcut84/nsb_tuning_0.22/dl2_LST-1.Run23994.h5,/fefs/onsite/data/lst-pipe/LSTN-01/DL3/20260312/v0.11/tailcut84/nsb_tuning_0.22/0.11.4/std/20250212_v0.10.17_allsky_interp_dl2_irfs_nsb_0.22/src_indep/point/ring-wobble/gheff0.7_thetacont0.7/irf_interp/dl3_LST-1.Run23994.fits,51.06645493583368,44.15999984741211,2026-03-14 02:39:38,52.13800464157878,8.0,4.0,1.915478155289199,73.89992145013613,10.05298632946553,0.001183464216031936,0.4045987656220834,2.4598984926157526,1.9641052254744964,0.0037124710534397897,1.168402068032443e-05,6188.397942523531,4137.872215612059,38.755327206013305,33.1783893380464,1.423315818037933,0.022789687863216168,-2.365884204807517,0.09733660459546271,37.124752945579495,47.35877507441911,1.6320126826240977,0.026122020924820463,-2.2845223166061617,0.5217812340140106,410.2431673786065,0.9509688398143195,0.19420929660164543,0.01681163873074937,0.07794349463538898,0.020901780810270994,1.0208089118908206,0.09722128439814705,1983.9530879920017,10.921886836378018,1.50357682935413,3.2701425391664976,784.3751269268927,42.36672767915135,11.304790427431778,13.407272031101517,11.167449612357354,1.3265679432046975,1.0671640898411288,0.0,-28.443419154990092,0.9447898116129886,0.46561488136260104,,0.40574961393746134,ly_b3,1.0577594131238883,
23995,124,2026-03-12 22:23:22.496622,1208.5251812934875,1208.5251812934875,43.09469065613999,40.348878456131644,45.304382248576054,271.92230493990036,83.29591062240702,21.79041263318182,7026119,0.9516998713252703,0.012263847431108746,0.9555653736067335,3.051702747308624e-06,0.0013263323045376153,1.7497371365671512e-06,743.2237710446472,0.0,120.0,False,0.94668127357482,-2.3812226455849458e-06,0.007563820055922029,1.0892038018170042e-05,,,120.0,False,1.044499834014662,0.001328679646230839,1.057919878790477,,114610.0,114906.0,3892,DL1_datacheck_20260312.h5,/fefs/onsite/data/lst-pipe/LSTN-01/DL1/20260312/v0.11/tailcut84/dl1_LST-1.Run23995.0081.h5,/fefs/onsite/data/lst-pipe/LSTN-01/DL2/20260312/v0.11/tailcut84/nsb_tuning_0.22/dl2_LST-1.Run23995.h5,/fefs/onsite/data/lst-pipe/LSTN-01/DL3/20260312/v0.11/tailcut84/nsb_tuning_0.22/0.11.4/std/20250212_v0.10.17_allsky_interp_dl2_irfs_nsb_0.22/src_indep/point/ring-wobble/gheff0.7_thetacont0.7/irf_interp/dl3_LST-1.Run23995.fits,52.86339150970513,44.15999984741211,2026-03-14 02:39:38,46.90530934386001,8.0,4.0,1.9238725836373534,73.75719742323234,10.041338156122055,0.0011321883577302132,0.40389333550582357,2.4546554810445587,1.9600111036914372,0.003357453773639896,7.819842573925231e-05,5813.796111786373,3997.2985873819725,40.093983499327344,31.671656134412142,1.3448444315376822,0.02090656961405995,-2.378800691469756,0.09461676628790042,37.45913113937467,47.113763849203636,1.6341932304587536,0.025423995386138376,-2.269119541833055,0.5419227857063007,410.4755565171814,0.9516998713252703,0.19387282831459948,0.016619198317156643,0.07709307055726412,0.021205305329568835,1.0265819025716327,0.0967707737928718,1986.7603867146508,10.977472742553582,1.4693357741684805,4.732174628573029,784.4272799760927,32.48172921643823,11.950741330860588,13.684893086516267,11.97148346468875,2.0,1.0109096284097845,0.0,-28.104231493630607,0.9440442167862627,0.4697146615758749,,0.3859934340195179,ly_b3,1.057919878790477,
23996,78,2026-03-12 22:43:41.889961,742.8602650165558,742.8602650165558,45.94024093398041,44.576270496356045,47.275571972412585,274.02219223928233,83.99363905959993,22.242978464272028,4435885,0.947966619704822,0.012442464644910748,0.950982520015053,1.6399152592419078e-05,0.002059908992872296,4.7722056586084515e-06,173.9425908329354,5.038173211957542e-10,74.0,False,0.9324238846492764,2.826053998919125e-05,0.010351916580643746,2.4465149826366903e-05,,,74.0,False,1.0449491438248344,0.0016825764024243363,1.0607264323402557,,70454.0,70592.0,2363,DL1_datacheck_20260312.h5,/fefs/onsite/data/lst-pipe/LSTN-01/DL1/20260312/v0.11/tailcut1005/dl1_LST-1.Run23996.0048.h5,/fefs/onsite/data/lst-pipe/LSTN-01/DL2/20260312/v0.11/tailcut1005/nsb_tuning_0.38/dl2_LST-1.Run23996.h5,/fefs/onsite/data/lst-pipe/LSTN-01/DL3/20260312/v0.11/tailcut1005/nsb_tuning_0.38/0.11.4/std/20250212_v0.10.17_allsky_interp_dl2_irfs_nsb_0.38/src_indep/point/ring-wobble/gheff0.7_thetacont0.7/irf_interp/dl3_LST-1.Run23996.fits,60.42681404428445,44.15999984741211,2026-03-14 02:39:38,44.05975906601959,10.0,5.0,1.9569254797438929,72.89527646386811,9.990071504374914,0.0011884762435003214,0.40469776691626896,2.511727438374385,2.0060986704369324,0.003990187356298002,0.00011234295473697717,5971.358556782061,3229.068928523913,46.254807397748436,23.842312967486556,1.1653925084033971,0.019704590145009554,-2.3841272698848712,0.10304684793381673,42.508000245078776,36.0151337549915,1.627112094975773,0.02489227431766797,-2.2568112656174266,0.5387880192735338,409.64349082403527,0.9479666197048222,0.19344917131241887,0.01708061721688522,0.0769217608010999,0.02138415443060946,1.0311351701407774,0.09855225116791728,1987.197396391556,11.020670712194336,1.409081903011274,5.226945455520012,784.4473313120673,27.97315937690182,11.312060943060633,12.86983527285411,11.286230294810238,2.0,1.0154816442519021,0.0,-27.830371282526094,0.941450019758338,0.48516898168701694,,0.4035596440740005,ly_b3,1.0607264323402557,
